gp_id,target_date,forecast_horizon_day,block_temperature_raw,gp_temperature_corrected,block_humidity_raw,gp_humidity_corrected,block_precipitation_raw,gp_precipitation_corrected,block_wind_raw,gp_wind_corrected
185365,2026-09-19,1,27.3875,26.08816282086041,62.833333333333336,65.96012536137523,0.1,4.330533945357484,4.265833333333333,6.376475244379012
185366,2026-09-19,1,27.3875,26.063421451440682,62.833333333333336,65.75719844193198,0.1,4.360370598120808,4.265833333333333,6.346947941186439
185367,2026-09-19,1,27.3875,26.461268243381284,62.833333333333336,66.24807722206342,0.1,4.135898492784078,4.265833333333333,5.9775277273246115
185368,2026-09-19,1,27.3875,26.128874432121904,62.833333333333336,66.0061247371638,0.1,3.946632166326655,4.265833333333333,6.154518170887448
185369,2026-09-19,1,27.3875,26.52430922093782,62.833333333333336,66.07573221088317,0.1,4.648511968291825,4.265833333333333,5.9968310687552995
185370,2026-09-19,1,27.3875,26.057509171896314,62.833333333333336,65.78981660463828,0.1,4.047330591178401,4.265833333333333,6.2767524116043605
185371,2026-09-19,1,27.3875,26.060556462267286,62.833333333333336,65.49047181406128,0.1,4.212025653045704,4.265833333333333,6.296426231696093
185372,2026-09-19,1,27.3875,26.238925651528035,62.833333333333336,65.8758661112036,0.1,4.049409731129223,4.265833333333333,6.364714134627582
185373,2026-09-19,1,27.3875,26.28787252320471,62.833333333333336,64.731456807103,0.1,3.7328711759831465,4.265833333333333,6.3142281629340165
185374,2026-09-19,1,27.3875,26.14635215897527,62.833333333333336,66.43869342867664,0.1,4.463253174324782,4.265833333333333,6.184981329178731
185375,2026-09-19,1,27.3875,26.188878927971654,62.833333333333336,66.06659041142585,0.1,4.166848732226554,4.265833333333333,6.099220131031594
185376,2026-09-19,1,27.3875,26.330448609048993,62.833333333333336,65.76036504090368,0.1,4.385067771118075,4.265833333333333,6.335894825659075
185377,2026-09-19,1,27.3875,26.87621689384178,62.833333333333336,65.0953445528822,0.1,5.360099358859305,4.265833333333333,6.234119595016742
185378,2026-09-19,1,27.3875,26.668264894745885,62.833333333333336,65.18216580722172,0.1,4.384594762550767,4.265833333333333,6.225726151687478
185379,2026-09-19,1,27.3875,26.87167143596109,62.833333333333336,65.49674562454697,0.1,4.724469416860604,4.265833333333333,6.352435379889114
185380,2026-09-19,1,27.3875,26.43743218210697,62.833333333333336,65.8200964004208,0.1,3.6371432180197343,4.265833333333333,6.130335965635422
185381,2026-09-19,1,27.3875,26.49167717592008,62.833333333333336,64.15652493092898,0.1,3.8876561832090992,4.265833333333333,6.307874259948141
185382,2026-09-19,1,27.3875,26.815950456820644,62.833333333333336,65.14393790810286,0.1,5.018687787493025,4.265833333333333,6.301723929499923
185383,2026-09-19,1,27.3875,26.45086641229781,62.833333333333336,64.83193349613843,0.1,4.0618754591811586,4.265833333333333,6.166627991095944
185384,2026-09-19,1,27.3875,26.87817470619542,62.833333333333336,65.64851714584273,0.1,4.641616517704055,4.265833333333333,6.308226850356462
185385,2026-09-19,1,27.3875,26.61953730021951,62.833333333333336,64.80680510453506,0.1,4.591725405903243,4.265833333333333,6.2596825727965975
185386,2026-09-19,1,27.3875,26.486498913484613,62.833333333333336,64.18973246905364,0.1,4.63112391675663,4.265833333333333,6.320119476684443
185387,2026-09-19,1,27.3875,26.405065540623283,62.833333333333336,66.17946968293087,0.1,4.001575378704085,4.265833333333333,6.144067862124217
185388,2026-09-19,1,27.3875,26.368426801813207,62.833333333333336,65.49018931778377,0.1,4.061624356248431,4.265833333333333,5.93971286766507
185390,2026-09-19,1,27.3875,26.35679147274034,62.833333333333336,65.25723702119221,0.1,4.363393494528664,4.265833333333333,6.25143450241236
185391,2026-09-19,1,27.3875,26.090954320845366,62.833333333333336,65.81242779090721,0.1,4.347054591745184,4.265833333333333,6.237714270916085
185392,2026-09-19,1,27.3875,26.72534522310919,62.833333333333336,66.40830120474376,0.1,4.74465057886614,4.265833333333333,6.287986477515776
185393,2026-09-19,1,27.3875,26.52400363249095,62.833333333333336,64.52309198667307,0.1,4.479698180412118,4.265833333333333,6.150340336381376
185394,2026-09-19,1,27.3875,26.60974278481989,62.833333333333336,65.394815478974,0.1,4.009564632542913,4.265833333333333,6.3550109661808865
185395,2026-09-19,1,27.3875,26.62597467440536,62.833333333333336,65.82377283123448,0.1,4.228641395254589,4.265833333333333,6.4352540430498415
185396,2026-09-19,1,27.3875,26.527045381810265,62.833333333333336,66.23614128789744,0.1,4.547506001681455,4.265833333333333,6.106287586243588
185397,2026-09-19,1,27.3875,26.87262890955189,62.833333333333336,65.04352424503672,0.1,4.763435794530134,4.265833333333333,6.1925140886507535
185398,2026-09-19,1,27.3875,26.21139749782165,62.833333333333336,65.44790357475537,0.1,3.739805283768369,4.265833333333333,6.16692462845956
185399,2026-09-19,1,27.3875,26.708898580110283,62.833333333333336,65.16623956199939,0.1,4.9438537208718545,4.265833333333333,6.376190657218439
185400,2026-09-19,1,27.3875,26.677292868736778,62.833333333333336,66.44302597367835,0.1,4.324611780259886,4.265833333333333,6.264632534920228
185401,2026-09-19,1,27.3875,26.265481331640697,62.833333333333336,65.21116263426424,0.1,3.8564256135117008,4.265833333333333,6.183501193883287
185402,2026-09-19,1,27.3875,26.22392255434999,62.833333333333336,65.03013961622614,0.1,4.434360991809028,4.265833333333333,6.173304712877821
185403,2026-09-19,1,27.3875,26.548505914666993,62.833333333333336,64.52738320281064,0.1,3.467063133222093,4.265833333333333,6.28461660883459
185404,2026-09-19,1,27.3875,26.203983057063027,62.833333333333336,66.36762559093437,0.1,4.116292144749221,4.265833333333333,6.278160700884223
185405,2026-09-19,1,27.3875,26.63068154134221,62.833333333333336,65.48932531849978,0.1,4.548248206926458,4.265833333333333,6.197403537772351
185406,2026-09-19,1,27.3875,26.685747185949854,62.833333333333336,66.1340768124823,0.1,4.696032703466593,4.265833333333333,6.193361149164224
185407,2026-09-19,1,27.3875,26.642667944658694,62.833333333333336,65.59716519147759,0.1,4.548891488115377,4.265833333333333,6.2696211354679
185408,2026-09-19,1,27.3875,26.069017278805727,62.833333333333336,65.19775825782064,0.1,4.566370463723328,4.265833333333333,6.2589468184109265
185409,2026-09-19,1,27.3875,26.652505485155636,62.833333333333336,65.50371190097327,0.1,4.439780096486346,4.265833333333333,6.2722832159404
185410,2026-09-19,1,27.3875,26.2307609015743,62.833333333333336,66.1699535923925,0.1,3.813910580052266,4.265833333333333,6.236743144021916
185411,2026-09-19,1,27.3875,26.285130438963332,62.833333333333336,65.23826792084698,0.1,4.047963817718182,4.265833333333333,6.3448707790524725
185412,2026-09-19,1,27.3875,26.79665018365783,62.833333333333336,65.26303531865373,0.1,4.931107649092687,4.265833333333333,6.301187261430765
185413,2026-09-19,1,27.3875,26.75786199815713,62.833333333333336,65.50706753868083,0.1,4.673673764507692,4.265833333333333,6.2331592668619145
185414,2026-09-19,1,27.3875,26.486865518577744,62.833333333333336,66.32840579349138,0.1,5.1514381018281,4.265833333333333,6.270241826387705
185415,2026-09-19,1,27.3875,26.699591777737204,62.833333333333336,66.07727932422907,0.1,4.955083914298691,4.265833333333333,6.317186549462026
185417,2026-09-19,1,27.3875,26.648862904574354,62.833333333333336,65.99176024860503,0.1,4.65400988580355,4.265833333333333,6.21399389647778
185418,2026-09-19,1,27.3875,26.272901820396513,62.833333333333336,66.24745318334593,0.1,4.004861010285091,4.265833333333333,6.284203424627708
185419,2026-09-19,1,27.3875,26.51500832594032,62.833333333333336,65.74992994935612,0.1,4.842476590596939,4.265833333333333,6.035261011894718
185420,2026-09-19,1,27.3875,26.865929391590026,62.833333333333336,65.37207964229204,0.1,4.671610341649859,4.265833333333333,6.262752176066614
185421,2026-09-19,1,27.3875,26.259147462233493,62.833333333333336,65.06279746895223,0.1,4.326452702909687,4.265833333333333,6.384917157723177
185422,2026-09-19,1,27.3875,26.084826009698926,62.833333333333336,66.10512415579478,0.1,4.539989955253553,4.265833333333333,6.320797677363245
185423,2026-09-19,1,27.3875,26.306384204829882,62.833333333333336,64.79654769330077,0.1,4.1760764610093695,4.265833333333333,6.235920068725439
185424,2026-09-19,1,27.3875,26.149229168996317,62.833333333333336,65.31556477275512,0.1,4.113758143870581,4.265833333333333,6.286416663661633
185425,2026-09-19,1,27.3875,26.626270185255915,62.833333333333336,65.50555700084192,0.1,4.612732849406464,4.265833333333333,6.343911495468783
185426,2026-09-19,1,27.3875,26.205305302214803,62.833333333333336,66.35925970444387,0.1,4.041833655315495,4.265833333333333,6.293163385511818
185427,2026-09-19,1,27.3875,26.79507603131683,62.833333333333336,64.47887349722049,0.1,4.041770522841147,4.265833333333333,6.168829014335042
185428,2026-09-19,1,27.3875,26.54003871594454,62.833333333333336,66.17369983983883,0.1,4.636399738116192,4.265833333333333,6.227146507497022
185429,2026-09-19,1,27.3875,26.824626177200294,62.833333333333336,64.57360418005345,0.1,4.675304842418332,4.265833333333333,6.181452736297489
185430,2026-09-19,1,27.3875,26.235952846522675,62.833333333333336,66.1800212720726,0.1,3.4623906449091715,4.265833333333333,6.37746925701951
185431,2026-09-19,1,27.3875,26.737131784115448,62.833333333333336,65.43883714411238,0.1,4.515810526763254,4.265833333333333,6.2374371137122155
185432,2026-09-19,1,27.3875,26.12502305589611,62.833333333333336,66.20469120448371,0.1,3.9371412336014755,4.265833333333333,6.117179554484691
185433,2026-09-19,1,27.3875,26.494070479080488,62.833333333333336,65.1049935628478,0.1,3.9448074031561164,4.265833333333333,6.039732163415994
185434,2026-09-19,1,27.3875,26.678907889313734,62.833333333333336,65.8828378819831,0.1,4.603640040834815,4.265833333333333,6.313161592126416
185435,2026-09-19,1,27.3875,26.77364334236562,62.833333333333336,65.3019149722041,0.1,4.817810878855222,4.265833333333333,6.305717957721823
185436,2026-09-19,1,27.3875,26.817840828983627,62.833333333333336,64.2372317291379,0.1,4.52684733618973,4.265833333333333,6.251298688272886
185438,2026-09-19,1,27.3875,26.314099925885,62.833333333333336,64.55117075419724,0.1,3.8305462303918736,4.265833333333333,6.291313519465257
185439,2026-09-19,1,27.3875,26.66124876127311,62.833333333333336,65.51880106939257,0.1,4.499241843781676,4.265833333333333,6.289786793254768
185440,2026-09-19,1,27.3875,26.53158918310259,62.833333333333336,64.80117047358989,0.1,4.429904592977351,4.265833333333333,6.223717714696793
185441,2026-09-19,1,27.3875,26.26223513074445,62.833333333333336,65.918989466691,0.1,4.118873356731375,4.265833333333333,6.198698548714016
185442,2026-09-19,1,27.3875,26.49932375035994,62.833333333333336,64.38526144396191,0.1,3.978886754842371,4.265833333333333,6.330381614095305
185443,2026-09-19,1,27.3875,26.709160837762226,62.833333333333336,65.30015824978064,0.1,4.984771670599014,4.265833333333333,6.33575984969206
185444,2026-09-19,1,27.3875,26.65316299764548,62.833333333333336,65.6366280517116,0.1,4.852582912682386,4.265833333333333,6.3210064605650675
185445,2026-09-19,1,27.3875,26.298976746385833,62.833333333333336,66.53614056265748,0.1,3.9265053669165155,4.265833333333333,6.048927301784255
185446,2026-09-19,1,27.3875,26.790488634696263,62.833333333333336,64.69583812700124,0.1,5.136210392500958,4.265833333333333,6.278938205760989
185447,2026-09-19,1,27.3875,26.4483692737345,62.833333333333336,65.30197119742077,0.1,4.883862982703279,4.265833333333333,6.189690217787461
185448,2026-09-19,1,27.3875,26.568643817543553,62.833333333333336,65.21657899589111,0.1,4.647151477611878,4.265833333333333,6.227966391231488
185449,2026-09-19,1,27.3875,26.21148692924347,62.833333333333336,65.34919172691278,0.1,3.8377890704866116,4.265833333333333,6.3010370305295895
185451,2026-09-19,1,27.3875,26.282767624371143,62.833333333333336,66.48238801603345,0.1,4.2398703906246515,4.265833333333333,6.199181378846768
185452,2026-09-19,1,27.3875,26.45754403602661,62.833333333333336,65.62386131051454,0.1,4.517599451671236,4.265833333333333,6.190275309276735
185453,2026-09-19,1,27.3875,26.26141444288612,62.833333333333336,65.27641887024242,0.1,4.410982711781273,4.265833333333333,6.159249888412376
185454,2026-09-19,1,27.3875,26.594210647069612,62.833333333333336,65.48336659215491,0.1,5.003802315632712,4.265833333333333,6.248486866142801
185455,2026-09-19,1,27.3875,26.117637855965317,62.833333333333336,65.53449791833546,0.1,4.237902712641856,4.265833333333333,6.460923560386997
185456,2026-09-19,1,27.3875,26.555161945907155,62.833333333333336,65.19616208797243,0.1,4.040254599548819,4.265833333333333,6.182692995031867
185457,2026-09-19,1,27.3875,26.61340440601368,62.833333333333336,65.9222717786497,0.1,4.589373963110705,4.265833333333333,6.297922170897681
185458,2026-09-19,1,27.3875,26.308544359582953,62.833333333333336,66.1618426610339,0.1,4.266531480591093,4.265833333333333,6.269702922521237
185459,2026-09-19,1,27.3875,26.640097733458077,62.833333333333336,65.51014765480643,0.1,4.669043622321432,4.265833333333333,6.260200021146154
185460,2026-09-19,1,27.3875,26.771681208665637,62.833333333333336,65.26551064906093,0.1,4.786378987137081,4.265833333333333,6.303518561410346
186184,2026-09-19,1,27.3875,25.058319211569867,62.833333333333336,67.5593718719487,0.1,4.811841813500077,4.265833333333333,5.131851000024473
259675,2026-09-19,1,27.3875,26.486623551058166,62.833333333333336,65.70512955166967,0.1,4.680586529257307,4.265833333333333,6.330905503651846
259676,2026-09-19,1,27.3875,26.62595528892158,62.833333333333336,65.3419141828068,0.1,4.423692072671597,4.265833333333333,6.299316075593804
259677,2026-09-19,1,27.3875,26.272473522600123,62.833333333333336,66.1292894841976,0.1,4.031478619838765,4.265833333333333,6.357126305251924
259678,2026-09-19,1,27.3875,26.752330083941345,62.833333333333336,66.26722708285156,0.1,4.724093981335462,4.265833333333333,6.152168559401726
261742,2026-09-19,1,27.3875,26.26533333893253,62.833333333333336,66.03815033678026,0.1,4.013072859571085,4.265833333333333,6.091165719473219
272754,2026-09-19,1,27.3875,26.428180348315514,62.833333333333336,65.2123028196788,0.1,4.497343543679245,4.265833333333333,6.196140588476105
185365,2026-09-20,2,27.875,26.474139781531218,62.66666666666666,65.61234888722453,5.6000000000000005,9.830533945357486,3.245416666666667,5.332383587527232
185366,2026-09-20,2,27.875,26.400229300943042,62.66666666666666,65.46685924783442,5.6000000000000005,9.86037059812081,3.245416666666667,5.284847923731295
185367,2026-09-20,2,27.875,26.816202129807117,62.66666666666666,66.15804756799163,5.6000000000000005,9.63589849278408,3.245416666666667,4.900046860265
185368,2026-09-20,2,27.875,26.501285969096656,62.66666666666666,65.61837108091507,5.6000000000000005,9.446632166326655,3.245416666666667,5.086042348376627
185369,2026-09-20,2,27.875,26.81115745773728,62.66666666666666,65.9836786189437,5.6000000000000005,10.148511968291825,3.245416666666667,4.922661566102898
185370,2026-09-20,2,27.875,26.451489553017048,62.66666666666666,65.39538701688421,5.6000000000000005,9.547330591178401,3.245416666666667,5.238969307418243
185371,2026-09-20,2,27.875,26.445405887956362,62.66666666666666,64.99987565114058,5.6000000000000005,9.712025653045705,3.245416666666667,5.281621476015962
185372,2026-09-20,2,27.875,26.590066236716233,62.66666666666666,65.67935869015803,5.6000000000000005,9.549409731129224,3.245416666666667,5.356199591026517
185373,2026-09-20,2,27.875,26.695004362463195,62.66666666666666,64.62250550485487,5.6000000000000005,9.232871175983147,3.245416666666667,5.3076437354963755
185374,2026-09-20,2,27.875,26.4406210838279,62.66666666666666,66.32069826912289,5.6000000000000005,9.963253174324784,3.245416666666667,5.1122781070087235
185375,2026-09-20,2,27.875,26.564295860550665,62.66666666666666,65.78295872990019,5.6000000000000005,9.666848732226555,3.245416666666667,5.0432776148036425
185376,2026-09-20,2,27.875,26.677332591267884,62.66666666666666,65.63039477482005,5.6000000000000005,9.885067771118077,3.245416666666667,5.297162343020188
185377,2026-09-20,2,27.875,27.28754126185395,62.66666666666666,64.71641608288127,5.6000000000000005,10.860099358859307,3.245416666666667,5.207959590185094
185378,2026-09-20,2,27.875,27.07215861110111,62.66666666666666,65.35277174630693,5.6000000000000005,9.884594762550769,3.245416666666667,5.2023231214300525
185379,2026-09-20,2,27.875,27.250790484377546,62.66666666666666,65.15923242850931,5.6000000000000005,10.224469416860602,3.245416666666667,5.348145826317685
185380,2026-09-20,2,27.875,26.824945424001584,62.66666666666666,65.74358066587806,5.6000000000000005,9.137143218019736,3.245416666666667,5.08877524950341
185381,2026-09-20,2,27.875,26.844346240754795,62.66666666666666,63.921418379642766,5.6000000000000005,9.387656183209101,3.245416666666667,5.260812381978685
185382,2026-09-20,2,27.875,27.215835706120057,62.66666666666666,65.13786910702656,5.6000000000000005,10.518687787493025,3.245416666666667,5.272357896186719
185383,2026-09-20,2,27.875,26.76923477857332,62.66666666666666,64.38116394727003,5.6000000000000005,9.56187545918116,3.245416666666667,5.107015681572134
185384,2026-09-20,2,27.875,27.26847144945801,62.66666666666666,65.22470457144345,5.6000000000000005,10.141616517704055,3.245416666666667,5.313483337098887
185385,2026-09-20,2,27.875,27.006885115860154,62.66666666666666,64.8380330418064,5.6000000000000005,10.091725405903244,3.245416666666667,5.270542893674071
185386,2026-09-20,2,27.875,26.83364467825914,62.66666666666666,64.13102458384874,5.6000000000000005,10.131123916756628,3.245416666666667,5.260280741939146
185387,2026-09-20,2,27.875,26.735988361228536,62.66666666666666,66.148897731384,5.6000000000000005,9.501575378704084,3.245416666666667,5.083783958874921
185388,2026-09-20,2,27.875,26.736688766511964,62.66666666666666,65.43730450263162,5.6000000000000005,9.56162435624843,3.245416666666667,4.881598309133325
185390,2026-09-20,2,27.875,26.693487059162756,62.66666666666666,65.11314953982219,5.6000000000000005,9.863393494528662,3.245416666666667,5.194694184570481
185391,2026-09-20,2,27.875,26.471110025188082,62.66666666666666,65.88806143550073,5.6000000000000005,9.847054591745184,3.245416666666667,5.1873681770753794
185392,2026-09-20,2,27.875,27.085630978504927,62.66666666666666,66.5053986435834,5.6000000000000005,10.244650578866139,3.245416666666667,5.266046274983706
185393,2026-09-20,2,27.875,26.868847906501866,62.66666666666666,64.19621819636468,5.6000000000000005,9.97969818041212,3.245416666666667,5.083672634151967
185394,2026-09-20,2,27.875,26.985549673174425,62.66666666666666,64.97040262352881,5.6000000000000005,9.509564632542913,3.245416666666667,5.344539822969873
185395,2026-09-20,2,27.875,26.959200989176686,62.66666666666666,65.74807666061058,5.6000000000000005,9.72864139525459,3.245416666666667,5.426000433251756
185396,2026-09-20,2,27.875,26.799740631887254,62.66666666666666,66.22941862286035,5.6000000000000005,10.047506001681457,3.245416666666667,5.035728021681653
185397,2026-09-20,2,27.875,27.317898588239512,62.66666666666666,64.67269396402553,5.6000000000000005,10.263435794530135,3.245416666666667,5.1737744069143625
185398,2026-09-20,2,27.875,26.55350331400111,62.66666666666666,65.2134621044842,5.6000000000000005,9.23980528376837,3.245416666666667,5.132431434015115
185399,2026-09-20,2,27.875,27.089319647190347,62.66666666666666,65.2226464185166,5.6000000000000005,10.443853720871855,3.245416666666667,5.335148122826904
185400,2026-09-20,2,27.875,26.999187205381535,62.66666666666666,66.14072114491525,5.6000000000000005,9.824611780259888,3.245416666666667,5.227917202170277
185401,2026-09-20,2,27.875,26.622840779941747,62.66666666666666,65.12668883566359,5.6000000000000005,9.356425613511702,3.245416666666667,5.129333133616074
185402,2026-09-20,2,27.875,26.596983102785266,62.66666666666666,64.69135223157399,5.6000000000000005,9.934360991809028,3.245416666666667,5.128436811993983
185403,2026-09-20,2,27.875,26.896882177123715,62.66666666666666,64.25438927214974,5.6000000000000005,8.967063133222092,3.245416666666667,5.214498630632236
185404,2026-09-20,2,27.875,26.52228423268029,62.66666666666666,66.33527985315526,5.6000000000000005,9.616292144749222,3.245416666666667,5.232779948681676
185405,2026-09-20,2,27.875,27.055579110560917,62.66666666666666,65.32328817496396,5.6000000000000005,10.04824820692646,3.245416666666667,5.176045006026319
185406,2026-09-20,2,27.875,27.0159701613274,62.66666666666666,65.97001648759476,5.6000000000000005,10.196032703466594,3.245416666666667,5.193428070706778
185407,2026-09-20,2,27.875,27.07809946747895,62.66666666666666,65.52778707486144,5.6000000000000005,10.048891488115377,3.245416666666667,5.276628782779879
185408,2026-09-20,2,27.875,26.445085164425258,62.66666666666666,64.81506865127366,5.6000000000000005,10.066370463723329,3.245416666666667,5.2370556621486894
185409,2026-09-20,2,27.875,27.046184303210318,62.66666666666666,65.53632757802508,5.6000000000000005,9.939780096486349,3.245416666666667,5.245627486773733
185410,2026-09-20,2,27.875,26.55343346962903,62.66666666666666,65.90176554438077,5.6000000000000005,9.313910580052267,3.245416666666667,5.197100444161146
185411,2026-09-20,2,27.875,26.630997912509006,62.66666666666666,64.9108376570748,5.6000000000000005,9.547963817718184,3.245416666666667,5.320434786988982
185412,2026-09-20,2,27.875,27.177834820306487,62.66666666666666,65.20027850047191,5.6000000000000005,10.431107649092688,3.245416666666667,5.29900862531189
185413,2026-09-20,2,27.875,27.1617930967058,62.66666666666666,65.49397287366213,5.6000000000000005,10.173673764507694,3.245416666666667,5.221023075622599
185414,2026-09-20,2,27.875,26.839276353906598,62.66666666666666,66.45787599343032,5.6000000000000005,10.6514381018281,3.245416666666667,5.217560648412864
185415,2026-09-20,2,27.875,27.03021352330784,62.66666666666666,66.01987742290096,5.6000000000000005,10.45508391429869,3.245416666666667,5.257922969465635
185417,2026-09-20,2,27.875,27.025796378853933,62.66666666666666,66.10740721179978,5.6000000000000005,10.154009885803553,3.245416666666667,5.21215452858594
185418,2026-09-20,2,27.875,26.61338559544994,62.66666666666666,66.10218156838681,5.6000000000000005,9.504861010285092,3.245416666666667,5.229311092677252
185419,2026-09-20,2,27.875,26.881355567704297,62.66666666666666,65.48244056371658,5.6000000000000005,10.342476590596942,3.245416666666667,4.950589491066082
185420,2026-09-20,2,27.875,27.250562281259384,62.66666666666666,65.1672912059152,5.6000000000000005,10.17161034164986,3.245416666666667,5.207788111468089
185421,2026-09-20,2,27.875,26.586067250714713,62.66666666666666,65.07882084297293,5.6000000000000005,9.826452702909688,3.245416666666667,5.3377023497075555
185422,2026-09-20,2,27.875,26.44428023725247,62.66666666666666,65.82812298266816,5.6000000000000005,10.039989955253553,3.245416666666667,5.266876147025305
185423,2026-09-20,2,27.875,26.664941508454227,62.66666666666666,64.74139843644284,5.6000000000000005,9.67607646100937,3.245416666666667,5.1972371928031995
185424,2026-09-20,2,27.875,26.473929335455114,62.66666666666666,65.18390143628949,5.6000000000000005,9.613758143870584,3.245416666666667,5.23297423095527
185425,2026-09-20,2,27.875,27.01351864049968,62.66666666666666,65.59273203384228,5.6000000000000005,10.112732849406466,3.245416666666667,5.317093944441771
185426,2026-09-20,2,27.875,26.56211241978632,62.66666666666666,66.34047508269587,5.6000000000000005,9.541833655315495,3.245416666666667,5.239593637409678
185427,2026-09-20,2,27.875,27.19395151834794,62.66666666666666,64.45921122012788,5.6000000000000005,9.541770522841148,3.245416666666667,5.093438708535894
185428,2026-09-20,2,27.875,26.91670996232743,62.66666666666666,66.13452881095297,5.6000000000000005,10.136399738116195,3.245416666666667,5.210968493255516
185429,2026-09-20,2,27.875,27.232455834833118,62.66666666666666,64.41981359807448,5.6000000000000005,10.175304842418331,3.245416666666667,5.166497591095469
185430,2026-09-20,2,27.875,26.626133436976833,62.66666666666666,66.19680266364863,5.6000000000000005,8.962390644909172,3.245416666666667,5.351848787442791
185431,2026-09-20,2,27.875,27.105304823687213,62.66666666666666,65.35044756374836,5.6000000000000005,10.015810526763254,3.245416666666667,5.21357537597748
185432,2026-09-20,2,27.875,26.51939742334918,62.66666666666666,65.91489167475858,5.6000000000000005,9.437141233601476,3.245416666666667,5.064047274509416
185433,2026-09-20,2,27.875,26.848226363304423,62.66666666666666,64.80667501523695,5.6000000000000005,9.444807403156117,3.245416666666667,4.966226755502831
185434,2026-09-20,2,27.875,27.03360010499046,62.66666666666666,65.98090870033786,5.6000000000000005,10.103640040834815,3.245416666666667,5.28596758088303
185435,2026-09-20,2,27.875,27.15480105213871,62.66666666666666,65.33011713746441,5.6000000000000005,10.317810878855223,3.245416666666667,5.272808932233422
185436,2026-09-20,2,27.875,27.277186363282436,62.66666666666666,63.65538542854415,5.6000000000000005,10.026847336189732,3.245416666666667,5.2193384600982835
185438,2026-09-20,2,27.875,26.627076055605308,62.66666666666666,64.2947610497744,5.6000000000000005,9.330546230391874,3.245416666666667,5.233265965661239
185439,2026-09-20,2,27.875,27.078776375739018,62.66666666666666,65.50950729715997,5.6000000000000005,9.999241843781679,3.245416666666667,5.240838648413497
185440,2026-09-20,2,27.875,26.836099518733192,62.66666666666666,64.70760799577685,5.6000000000000005,9.929904592977351,3.245416666666667,5.168015012989595
185441,2026-09-20,2,27.875,26.57685527495094,62.66666666666666,65.69953055301272,5.6000000000000005,9.618873356731378,3.245416666666667,5.150112168975648
185442,2026-09-20,2,27.875,26.84109383874535,62.66666666666666,64.37198342432684,5.6000000000000005,9.478886754842371,3.245416666666667,5.280263902039865
185443,2026-09-20,2,27.875,27.091397481764215,62.66666666666666,65.40100421752358,5.6000000000000005,10.484771670599017,3.245416666666667,5.303711423774978
185444,2026-09-20,2,27.875,27.03266569171063,62.66666666666666,65.70998973812497,5.6000000000000005,10.352582912682387,3.245416666666667,5.272456460565067
185445,2026-09-20,2,27.875,26.65757325253349,62.66666666666666,66.33350500499627,5.6000000000000005,9.426505366916517,3.245416666666667,4.989907944145368
185446,2026-09-20,2,27.875,27.233776481550247,62.66666666666666,64.52573861954698,5.6000000000000005,10.63621039250096,3.245416666666667,5.226979764202547
185447,2026-09-20,2,27.875,26.791698332188535,62.66666666666666,65.18670784483044,5.6000000000000005,10.383862982703278,3.245416666666667,5.132335096315796
185448,2026-09-20,2,27.875,26.932361889357075,62.66666666666666,65.09299362657548,5.6000000000000005,10.147151477611882,3.245416666666667,5.210425030131552
185449,2026-09-20,2,27.875,26.538061054300282,62.66666666666666,65.27036100228644,5.6000000000000005,9.337789070486611,3.245416666666667,5.242298161650119
185451,2026-09-20,2,27.875,26.605846971917323,62.66666666666666,66.18431427045951,5.6000000000000005,9.739870390624652,3.245416666666667,5.161616309048014
185452,2026-09-20,2,27.875,26.772823324392903,62.66666666666666,65.32979456023581,5.6000000000000005,10.017599451671238,3.245416666666667,5.128378806576118
185453,2026-09-20,2,27.875,26.625500956541238,62.66666666666666,64.99359784995644,5.6000000000000005,9.910982711781273,3.245416666666667,5.094897021446146
185454,2026-09-20,2,27.875,26.947012332693983,62.66666666666666,65.4757177895686,5.6000000000000005,10.503802315632715,3.245416666666667,5.252508144551893
185455,2026-09-20,2,27.875,26.503200308828035,62.66666666666666,65.26819361229153,5.6000000000000005,9.737902712641855,3.245416666666667,5.400471822880778
185456,2026-09-20,2,27.875,26.943210138682097,62.66666666666666,65.14100499015728,5.6000000000000005,9.54025459954882,3.245416666666667,5.120578773231138
185457,2026-09-20,2,27.875,26.935683626176136,62.66666666666666,65.77805319774528,5.6000000000000005,10.089373963110706,3.245416666666667,5.277319828132625
185458,2026-09-20,2,27.875,26.719552386902507,62.66666666666666,65.84672212453853,5.6000000000000005,9.766531480591093,3.245416666666667,5.246729520601977
185459,2026-09-20,2,27.875,27.03004887326068,62.66666666666666,65.53626695307229,5.6000000000000005,10.169043622321434,3.245416666666667,5.261009821332204
185460,2026-09-20,2,27.875,27.15841820986624,62.66666666666666,65.07438637178541,5.6000000000000005,10.286378987137084,3.245416666666667,5.280658064499229
186184,2026-09-20,2,27.875,25.46544462991261,62.66666666666666,67.49525549088673,5.6000000000000005,10.311841813500077,3.245416666666667,4.065142280186966
259675,2026-09-20,2,27.875,26.80909097663759,62.66666666666666,65.63370385676092,5.6000000000000005,10.180586529257306,3.245416666666667,5.3240421988266435
259676,2026-09-20,2,27.875,26.92367344880357,62.66666666666666,65.10299981624406,5.6000000000000005,9.923692072671598,3.245416666666667,5.311008859438071
259677,2026-09-20,2,27.875,26.62101212508284,62.66666666666666,66.0468915511606,5.6000000000000005,9.531478619838769,3.245416666666667,5.348774390187824
259678,2026-09-20,2,27.875,27.10389977520478,62.66666666666666,66.06792223248587,5.6000000000000005,10.224093981335463,3.245416666666667,5.141662752483463
261742,2026-09-20,2,27.875,26.63293069527381,62.66666666666666,65.90448068887665,5.6000000000000005,9.513072859571086,3.245416666666667,5.016433157510781
272754,2026-09-20,2,27.875,26.725402514525562,62.66666666666666,65.23837867692862,5.6000000000000005,9.997343543679246,3.245416666666667,5.158072700353985
185365,2026-09-21,3,27.275,25.880509012754015,65.91666666666667,68.17562679044244,6.5,10.730533945357486,3.82125,5.746976707980451
185366,2026-09-21,3,27.275,25.80766348079569,65.91666666666667,67.96730910080326,6.5,10.760370598120808,3.82125,5.673766674648313
185367,2026-09-21,3,27.275,26.27308354069119,65.91666666666667,68.63995885738663,6.5,10.535898492784078,3.82125,5.274941136592192
185368,2026-09-21,3,27.275,25.9194397568722,65.91666666666667,67.86300707522048,6.5,10.346632166326655,3.82125,5.493627753318905
185369,2026-09-21,3,27.275,26.28320326139431,65.91666666666667,68.44478188187442,6.5,11.048511968291825,3.82125,5.309005287989504
185370,2026-09-21,3,27.275,25.841275666517944,65.91666666666667,67.79539280376639,6.5,10.4473305911784,3.82125,5.634649947104672
185371,2026-09-21,3,27.275,25.836739336330808,65.91666666666667,67.41555537340541,6.5,10.612025653045706,3.82125,5.692141256280522
185372,2026-09-21,3,27.275,25.981713541856415,65.91666666666667,68.00713687247222,6.5,10.449409731129222,3.82125,5.718620687095061
185373,2026-09-21,3,27.275,26.140746042651088,65.91666666666667,66.97862024226858,6.5,10.132871175983146,3.82125,5.686709444113155
185374,2026-09-21,3,27.275,25.852363023918734,65.91666666666667,68.97380748169385,6.5,10.863253174324782,3.82125,5.496000320720085
185375,2026-09-21,3,27.275,25.938127667124046,65.91666666666667,68.25151945085368,6.5,10.566848732226553,3.82125,5.404235106084299
185376,2026-09-21,3,27.275,26.11138398325783,65.91666666666667,68.1109933409537,6.5,10.785067771118074,3.82125,5.6601254738072235
185377,2026-09-21,3,27.275,26.731972240584412,65.91666666666667,67.0531182476087,6.5,11.760099358859307,3.82125,5.594131690741169
185378,2026-09-21,3,27.275,26.519670419974663,65.91666666666667,67.96820925200318,6.5,10.784594762550768,3.82125,5.5695977574666315
185379,2026-09-21,3,27.275,26.709587282076907,65.91666666666667,67.80458593394606,6.5,11.124469416860602,3.82125,5.723080148407633
185380,2026-09-21,3,27.275,26.20592508763573,65.91666666666667,68.2757742187947,6.5,10.037143218019736,3.82125,5.479251451609287
185381,2026-09-21,3,27.275,26.27129816404597,65.91666666666667,65.99003756158511,6.5,10.287656183209101,3.82125,5.596949651709693
185382,2026-09-21,3,27.275,26.653354062818583,65.91666666666667,67.85064318949425,6.5,11.418687787493024,3.82125,5.645915637028105
185383,2026-09-21,3,27.275,26.24379757862215,65.91666666666667,66.52184326191004,6.5,10.461875459181158,3.82125,5.44653198117531
185384,2026-09-21,3,27.275,26.711187286096635,65.91666666666667,67.52849690300731,6.5,11.041616517704053,3.82125,5.682671765129189
185385,2026-09-21,3,27.275,26.468579665452136,65.91666666666667,67.18053323582824,6.5,10.991725405903242,3.82125,5.661576783361383
185386,2026-09-21,3,27.275,26.28408902217352,65.91666666666667,66.4391972907386,6.5,11.03112391675663,3.82125,5.5905071573114995
185387,2026-09-21,3,27.275,26.167790292139536,65.91666666666667,68.68260422209023,6.5,10.401575378704084,3.82125,5.4741812792847675
185388,2026-09-21,3,27.275,26.17589803916062,65.91666666666667,67.82554299934024,6.5,10.46162435624843,3.82125,5.265956456454753
185390,2026-09-21,3,27.275,26.120263011316926,65.91666666666667,67.4231859866546,6.5,10.763393494528664,3.82125,5.516770229798402
185391,2026-09-21,3,27.275,25.864664836204163,65.91666666666667,68.56486117391717,6.5,10.747054591745187,3.82125,5.612896795717276
185392,2026-09-21,3,27.275,26.524068509123584,65.91666666666667,69.16024511094328,6.5,11.144650578866141,3.82125,5.669518011005371
185393,2026-09-21,3,27.275,26.316470253004137,65.91666666666667,66.25977298089585,6.5,10.879698180412118,3.82125,5.4456881193585644
185394,2026-09-21,3,27.275,26.40816907328232,65.91666666666667,67.14872730166849,6.5,10.409564632542914,3.82125,5.726380224467645
185395,2026-09-21,3,27.275,26.423599484188887,65.91666666666667,68.0708359119613,6.5,10.62864139525459,3.82125,5.793389779802876
185396,2026-09-21,3,27.275,26.288521320455345,65.91666666666667,68.60047412486772,6.5,10.947506001681457,3.82125,5.401942542767866
185397,2026-09-21,3,27.275,26.721563097357034,65.91666666666667,66.92327347439728,6.5,11.163435794530134,3.82125,5.544196682227378
185398,2026-09-21,3,27.275,25.90705471787123,65.91666666666667,67.8036706837217,6.5,10.139805283768368,3.82125,5.529331920126226
185399,2026-09-21,3,27.275,26.541765627198057,65.91666666666667,67.76936826486784,6.5,11.343853720871854,3.82125,5.691031342810624
185400,2026-09-21,3,27.275,26.46661914855447,65.91666666666667,68.54107834772633,6.5,10.724611780259888,3.82125,5.635463068243988
185401,2026-09-21,3,27.275,26.022713695373643,65.91666666666667,67.35486126916692,6.5,10.2564256135117,3.82125,5.4818576174943985
185402,2026-09-21,3,27.275,26.00373545166224,65.91666666666667,67.06053278819836,6.5,10.834360991809028,3.82125,5.4822702779030745
185403,2026-09-21,3,27.275,26.354415606127315,65.91666666666667,66.57958609918386,6.5,9.867063133222093,3.82125,5.563717044510026
185404,2026-09-21,3,27.275,25.945889653371765,65.91666666666667,68.98861265131652,6.5,10.516292144749222,3.82125,5.589916832412143
185405,2026-09-21,3,27.275,26.507544697280615,65.91666666666667,67.84304895517907,6.5,10.948248206926458,3.82125,5.563904475956534
185406,2026-09-21,3,27.275,26.50313672644102,65.91666666666667,68.38736190076004,6.5,11.096032703466594,3.82125,5.58098233045855
185407,2026-09-21,3,27.275,26.54451469399386,65.91666666666667,68.08241866420589,6.5,10.948891488115379,3.82125,5.6579612137038415
185408,2026-09-21,3,27.275,25.809931239500777,65.91666666666667,67.3769250099522,6.5,10.96637046372333,3.82125,5.62986922528517
185409,2026-09-21,3,27.275,26.51718951948908,65.91666666666667,68.11670409991767,6.5,10.839780096486347,3.82125,5.647784728837227
185410,2026-09-21,3,27.275,25.93271645249378,65.91666666666667,68.31826209380074,6.5,10.213910580052266,3.82125,5.563245232566882
185411,2026-09-21,3,27.275,26.076419425103545,65.91666666666667,66.93159970323943,6.5,10.44796381771818,3.82125,5.694878235762431
185412,2026-09-21,3,27.275,26.626161604203787,65.91666666666667,67.60603774169365,6.5,11.331107649092685,3.82125,5.662515447642571
185413,2026-09-21,3,27.275,26.60412040804619,65.91666666666667,68.08419026805096,6.5,11.073673764507692,3.82125,5.6106516626952505
185414,2026-09-21,3,27.275,26.35407866883544,65.91666666666667,68.76449366742301,6.5,11.5514381018281,3.82125,5.574474803590084
185415,2026-09-21,3,27.275,26.492469187871713,65.91666666666667,68.52689652090793,6.5,11.355083914298689,3.82125,5.646318348433889
185417,2026-09-21,3,27.275,26.50838997885527,65.91666666666667,68.61904260350504,6.5,11.05400988580355,3.82125,5.587177290410526
185418,2026-09-21,3,27.275,25.97285455190593,65.91666666666667,68.6828253574681,6.5,10.404861010285092,3.82125,5.608485282041128
185419,2026-09-21,3,27.275,26.318422979524698,65.91666666666667,67.75714840820704,6.5,11.24247659059694,3.82125,5.337970333367563
185420,2026-09-21,3,27.275,26.660024082076887,65.91666666666667,67.74513844528003,6.5,11.071610341649858,3.82125,5.583808915612089
185421,2026-09-21,3,27.275,25.950262522487094,65.91666666666667,67.5515131148771,6.5,10.726452702909686,3.82125,5.714621122521519
185422,2026-09-21,3,27.275,25.849278268072858,65.91666666666667,68.51461997215544,6.5,10.939989955253552,3.82125,5.665367455429042
185423,2026-09-21,3,27.275,26.071995986954814,65.91666666666667,67.17115440453803,6.5,10.57607646100937,3.82125,5.5788095673551705
185424,2026-09-21,3,27.275,25.854805762092784,65.91666666666667,67.48643353283447,6.5,10.513758143870582,3.82125,5.642372958702119
185425,2026-09-21,3,27.275,26.45812049181884,65.91666666666667,67.91510659168694,6.5,11.012732849406463,3.82125,5.716488160132063
185426,2026-09-21,3,27.275,25.95715962276695,65.91666666666667,68.98090313355858,6.5,10.441833655315497,3.82125,5.60542319184377
185427,2026-09-21,3,27.275,26.614643238241545,65.91666666666667,66.91455417858211,6.5,10.44177052284115,3.82125,5.475352225340578
185428,2026-09-21,3,27.275,26.327289459443776,65.91666666666667,68.53515841932807,6.5,11.036399738116192,3.82125,5.576534739466203
185429,2026-09-21,3,27.275,26.672877012239077,65.91666666666667,66.73440505694951,6.5,11.07530484241833,3.82125,5.563886945699199
185430,2026-09-21,3,27.275,26.022157675273228,65.91666666666667,68.7007275022043,6.5,9.862390644909171,3.82125,5.731597547363425
185431,2026-09-21,3,27.275,26.56095102477262,65.91666666666667,67.66718447391894,6.5,10.915810526763252,3.82125,5.6006123434954
185432,2026-09-21,3,27.275,25.897703676014338,65.91666666666667,68.5179744953296,6.5,10.337141233601477,3.82125,5.456197613845722
185433,2026-09-21,3,27.275,26.260769712023013,65.91666666666667,67.10603457694062,6.5,10.344807403156118,3.82125,5.359204255184521
185434,2026-09-21,3,27.275,26.49163214874418,65.91666666666667,68.63401150201875,6.5,11.003640040834815,3.82125,5.645504680750754
185435,2026-09-21,3,27.275,26.602824005610056,65.91666666666667,67.9946175824516,6.5,11.217810878855225,3.82125,5.657506688643679
185436,2026-09-21,3,27.275,26.690315119291505,65.91666666666667,65.85115368913033,6.5,10.92684733618973,3.82125,5.577461710759659
185438,2026-09-21,3,27.275,26.051645026774874,65.91666666666667,66.41664198151958,6.5,10.230546230391875,3.82125,5.596858814283744
185439,2026-09-21,3,27.275,26.500970625556725,65.91666666666667,67.87787443128273,6.5,10.899241843781676,3.82125,5.6185713666674655
185440,2026-09-21,3,27.275,26.27979306991519,65.91666666666667,66.84112794697651,6.5,10.829904592977352,3.82125,5.502046480023379
185441,2026-09-21,3,27.275,26.020298382056367,65.91666666666667,67.99745360690909,6.5,10.518873356731376,3.82125,5.499515277317133
185442,2026-09-21,3,27.275,26.263428061837807,65.91666666666667,66.79438729830377,6.5,10.37888675484237,3.82125,5.631701681908549
185443,2026-09-21,3,27.275,26.551424842466947,65.91666666666667,68.18401766528952,6.5,11.384771670599017,3.82125,5.658001725204893
185444,2026-09-21,3,27.275,26.48355969421117,65.91666666666667,68.19575771976375,6.5,11.252582912682385,3.82125,5.658299111028032
185445,2026-09-21,3,27.275,26.087018788710488,65.91666666666667,68.76391000343791,6.5,10.326505366916516,3.82125,5.335424272270368
185446,2026-09-21,3,27.275,26.66082351836727,65.91666666666667,67.14334338789368,6.5,11.536210392500958,3.82125,5.586904334308366
185447,2026-09-21,3,27.275,26.253023969391993,65.91666666666667,67.35134309943514,6.5,11.28386298270328,3.82125,5.5284090610459184
185448,2026-09-21,3,27.275,26.37745118253786,65.91666666666667,67.35205115182814,6.5,11.04715147761188,3.82125,5.587184431875787
185449,2026-09-21,3,27.275,25.92962817598075,65.91666666666667,67.77598111325317,6.5,10.237789070486611,3.82125,5.596278598326201
185451,2026-09-21,3,27.275,25.955463602633,65.91666666666667,68.8140859269955,6.5,10.639870390624653,3.82125,5.576590952399043
185452,2026-09-21,3,27.275,26.256467465971436,65.91666666666667,67.7638152341462,6.5,10.917599451671238,3.82125,5.444522024168712
185453,2026-09-21,3,27.275,26.024435651335768,65.91666666666667,67.14440074305358,6.5,10.810982711781273,3.82125,5.435866588192035
185454,2026-09-21,3,27.275,26.413818246316474,65.91666666666667,67.97301551961634,6.5,11.403802315632715,3.82125,5.626228082823496
185455,2026-09-21,3,27.275,25.854650917677642,65.91666666666667,67.77271413072982,6.5,10.637902712641857,3.82125,5.770757207659219
185456,2026-09-21,3,27.275,26.333034079944834,65.91666666666667,67.57244836977073,6.5,10.440254599548819,3.82125,5.50296560174268
185457,2026-09-21,3,27.275,26.399264153229105,65.91666666666667,68.16705848329183,6.5,10.989373963110705,3.82125,5.6576630902652285
185458,2026-09-21,3,27.275,26.17837270449583,65.91666666666667,67.92883962726428,6.5,10.666531480591093,3.82125,5.635829741240713
185459,2026-09-21,3,27.275,26.499614578933187,65.91666666666667,67.81649421018786,6.5,11.069043622321434,3.82125,5.656131469536206
185460,2026-09-21,3,27.275,26.638358547204078,65.91666666666667,67.73820819172076,6.5,11.186378987137083,3.82125,5.653970872173083
186184,2026-09-21,3,27.275,24.83885878597279,65.91666666666667,70.33825661698081,6.5,11.211841813500076,3.82125,4.511875396289039
259675,2026-09-21,3,27.275,26.273857253181077,65.91666666666667,67.93536490650268,6.5,11.080586529257307,3.82125,5.686244492243246
259676,2026-09-21,3,27.275,26.41274265783465,65.91666666666667,67.20412520171675,6.5,10.823692072671598,3.82125,5.691856388177023
259677,2026-09-21,3,27.275,26.086072425875727,65.91666666666667,68.30283153652061,6.5,10.431478619838765,3.82125,5.724017843713463
259678,2026-09-21,3,27.275,26.55925838261082,65.91666666666667,68.4512796816431,6.5,11.124093981335463,3.82125,5.534133501333477
261742,2026-09-21,3,27.275,25.982510908852703,65.91666666666667,68.4572821773408,6.5,10.413072859571086,3.82125,5.370294713512757
272754,2026-09-21,3,27.275,26.170956800499358,65.91666666666667,67.64391658153515,6.5,10.897343543679245,3.82125,5.503366759170818
185365,2026-09-22,4,25.116666666666664,23.801242738507142,76.0,77.08043345256384,1.7,5.930533945357487,4.12375,5.802981123764832
185366,2026-09-22,4,25.116666666666664,23.763397121496045,76.0,76.63111405633113,1.7,5.960370598120809,4.12375,5.697072326720848
185367,2026-09-22,4,25.116666666666664,24.346294195677455,76.0,76.95277587918328,1.7,5.735898492784078,4.12375,5.361369042562163
185368,2026-09-22,4,25.116666666666664,23.96449139406893,76.0,76.21074428793467,1.7,5.5466321663266545,4.12375,5.54541261172439
185369,2026-09-22,4,25.116666666666664,24.42046042338515,76.0,77.08886301687268,1.7,6.248511968291825,4.12375,5.39309502683729
185370,2026-09-22,4,25.116666666666664,23.759639597010334,76.0,76.46327857852683,1.7,5.6473305911784,4.12375,5.680650619859885
185371,2026-09-22,4,25.116666666666664,23.75795322527292,76.0,75.84242709887975,1.7,5.812025653045705,4.12375,5.752968543641331
185372,2026-09-22,4,25.116666666666664,24.078143156435786,76.0,76.59855021269624,1.7,5.649409731129225,4.12375,5.741797103905937
185373,2026-09-22,4,25.116666666666664,24.1497682126626,76.0,75.1423477015784,1.7,5.332871175983145,4.12375,5.731545643092746
185374,2026-09-22,4,25.116666666666664,23.923351423984293,76.0,77.7127824630105,1.7,6.063253174324783,4.12375,5.531223779262273
185375,2026-09-22,4,25.116666666666664,24.0235248872911,76.0,76.90416008079859,1.7,5.7668487322265545,4.12375,5.442934956034241
185376,2026-09-22,4,25.116666666666664,24.171122265602328,76.0,76.76690320739961,1.7,5.985067771118075,4.12375,5.69327134186278
185377,2026-09-22,4,25.116666666666664,24.733423848041834,76.0,75.46339094943927,1.7,6.9600993588593045,4.12375,5.642838148782719
185378,2026-09-22,4,25.116666666666664,24.541367215797493,76.0,75.9183376346371,1.7,5.984594762550767,4.12375,5.603519723224571
185379,2026-09-22,4,25.116666666666664,24.743745740913464,76.0,75.89759697200275,1.7,6.324469416860602,4.12375,5.764412666595463
185380,2026-09-22,4,25.116666666666664,24.200882733302127,76.0,77.08984887529475,1.7,5.237143218019735,4.12375,5.523460508163094
185381,2026-09-22,4,25.116666666666664,24.350911741271712,76.0,74.49682188148283,1.7,5.487656183209099,4.12375,5.653058403522367
185382,2026-09-22,4,25.116666666666664,24.706683151590635,76.0,76.27365367592105,1.7,6.618687787493024,4.12375,5.719024331371905
185383,2026-09-22,4,25.116666666666664,24.337019545561763,76.0,75.1223906645342,1.7,5.661875459181158,4.12375,5.506693036730866
185384,2026-09-22,4,25.116666666666664,24.768446000180557,76.0,75.74147275859656,1.7,6.2416165177040535,4.12375,5.724235950735249
185385,2026-09-22,4,25.116666666666664,24.55091162361989,76.0,75.06725871218836,1.7,6.191725405903244,4.12375,5.728559201174178
185386,2026-09-22,4,25.116666666666664,24.36792613174201,76.0,74.91165533451448,1.7,6.231123916756629,4.12375,5.614385441776972
185387,2026-09-22,4,25.116666666666664,24.285497310090847,76.0,77.19230641654684,1.7,5.601575378704084,4.12375,5.547372954038962
185388,2026-09-22,4,25.116666666666664,24.23522185372453,76.0,76.14115606706709,1.7,5.66162435624843,4.12375,5.329477195542054
185390,2026-09-22,4,25.116666666666664,24.28413293804187,76.0,75.72252149355161,1.7,5.963393494528662,4.12375,5.540232397711508
185391,2026-09-22,4,25.116666666666664,23.857855748337975,76.0,77.00845371063318,1.7,5.947054591745186,4.12375,5.648830822706793
185392,2026-09-22,4,25.116666666666664,24.66208115007662,76.0,77.66863670683662,1.7,6.3446505788661405,4.12375,5.698099079644071
185393,2026-09-22,4,25.116666666666664,24.3822525790271,76.0,74.37017864956168,1.7,6.079698180412119,4.12375,5.488081503910714
185394,2026-09-22,4,25.116666666666664,24.463241189242318,76.0,75.52064798037091,1.7,5.609564632542912,4.12375,5.778795138669722
185395,2026-09-22,4,25.116666666666664,24.55136377870646,76.0,76.32809835140218,1.7,5.828641395254588,4.12375,5.842681141896325
185396,2026-09-22,4,25.116666666666664,24.47072121273044,76.0,77.28198257439358,1.7,6.147506001681457,4.12375,5.477211741433443
185397,2026-09-22,4,25.116666666666664,24.699808965804472,76.0,75.2165202583581,1.7,6.363435794530136,4.12375,5.597175296672144
185398,2026-09-22,4,25.116666666666664,23.99423214249278,76.0,76.23176251971213,1.7,5.339805283768369,4.12375,5.552404017348449
185399,2026-09-22,4,25.116666666666664,24.66561091910096,76.0,76.34247816780919,1.7,6.543853720871854,4.12375,5.731562040053196
185400,2026-09-22,4,25.116666666666664,24.58570245946471,76.0,77.11726297804294,1.7,5.9246117802598866,4.12375,5.693289056391008
185401,2026-09-22,4,25.116666666666664,24.119078969650516,76.0,75.93997247305018,1.7,5.456425613511701,4.12375,5.513351691728529
185402,2026-09-22,4,25.116666666666664,24.090091076045443,76.0,75.47374753253527,1.7,6.034360991809027,4.12375,5.513818222978831
185403,2026-09-22,4,25.116666666666664,24.42363541271871,76.0,75.1863624185599,1.7,5.067063133222092,4.12375,5.602805465464071
185404,2026-09-22,4,25.116666666666664,24.046516753789547,76.0,77.6675420327567,1.7,5.716292144749221,4.12375,5.611646557860917
185405,2026-09-22,4,25.116666666666664,24.528595551548126,76.0,75.99934828559516,1.7,6.14824820692646,4.12375,5.621367081833653
185406,2026-09-22,4,25.116666666666664,24.601618432908996,76.0,76.65345402473085,1.7,6.296032703466595,4.12375,5.643698746681955
185407,2026-09-22,4,25.116666666666664,24.56993552939488,76.0,75.94369002339921,1.7,6.1488914881153764,4.12375,5.735675829942487
185408,2026-09-22,4,25.116666666666664,23.814403253040954,76.0,75.92576996019147,1.7,6.166370463723328,4.12375,5.676876821632522
185409,2026-09-22,4,25.116666666666664,24.61828483417271,76.0,76.06188791272763,1.7,6.039780096486346,4.12375,5.691997977845164
185410,2026-09-22,4,25.116666666666664,24.042314310565857,76.0,77.218909415169,1.7,5.413910580052266,4.12375,5.581295855403118
185411,2026-09-22,4,25.116666666666664,24.21871263342951,76.0,75.22029623505728,1.7,5.647963817718181,4.12375,5.7230532556037
185412,2026-09-22,4,25.116666666666664,24.677694369169455,76.0,75.84019412096254,1.7,6.531107649092686,4.12375,5.702073877620832
185413,2026-09-22,4,25.116666666666664,24.65641348547405,76.0,76.35289699018568,1.7,6.273673764507691,4.12375,5.667605537339123
185414,2026-09-22,4,25.116666666666664,24.466485241287106,76.0,76.89319597206281,1.7,6.751438101828099,4.12375,5.616432634030399
185415,2026-09-22,4,25.116666666666664,24.612820191875954,76.0,76.85324215822358,1.7,6.555083914298692,4.12375,5.673398060464912
185417,2026-09-22,4,25.116666666666664,24.598314959124277,76.0,76.90720462632699,1.7,6.254009885803551,4.12375,5.628881280539437
185418,2026-09-22,4,25.116666666666664,24.029826789449036,76.0,76.94810593106118,1.7,5.604861010285091,4.12375,5.618024190771286
185419,2026-09-22,4,25.116666666666664,24.356193046182373,76.0,76.29898635319785,1.7,6.44247659059694,4.12375,5.428135549683015
185420,2026-09-22,4,25.116666666666664,24.7003183948354,76.0,76.58602349421598,1.7,6.2716103416498585,4.12375,5.6343380321417875
185421,2026-09-22,4,25.116666666666664,24.02778320720254,76.0,76.19492921684454,1.7,5.926452702909687,4.12375,5.724151147445327
185422,2026-09-22,4,25.116666666666664,23.791107910281514,76.0,77.02574584761442,1.7,6.1399899552535535,4.12375,5.696886264707502
185423,2026-09-22,4,25.116666666666664,24.151199068624386,76.0,75.52409322623441,1.7,5.77607646100937,4.12375,5.609012392175959
185424,2026-09-22,4,25.116666666666664,23.9626811177181,76.0,76.19777578657121,1.7,5.713758143870582,4.12375,5.659946833561544
185425,2026-09-22,4,25.116666666666664,24.520800679014908,76.0,76.03876704688804,1.7,6.212732849406463,4.12375,5.756772192229429
185426,2026-09-22,4,25.116666666666664,24.039914475648622,76.0,77.67144720641117,1.7,5.641833655315494,4.12375,5.644468639135006
185427,2026-09-22,4,25.116666666666664,24.639497798879766,76.0,75.68703381778482,1.7,5.6417705228411466,4.12375,5.5504227313935175
185428,2026-09-22,4,25.116666666666664,24.33254677041472,76.0,76.96950309810265,1.7,6.236399738116194,4.12375,5.632671981279704
185429,2026-09-22,4,25.116666666666664,24.71899733209094,76.0,74.899350918436,1.7,6.275304842418331,4.12375,5.6291328518763555
185430,2026-09-22,4,25.116666666666664,24.087631846218365,76.0,77.21808795033759,1.7,5.06239064490917,4.12375,5.740941677654431
185431,2026-09-22,4,25.116666666666664,24.61859396930845,76.0,76.01105153957526,1.7,6.115810526763253,4.12375,5.654347290471016
185432,2026-09-22,4,25.116666666666664,23.930887997116162,76.0,76.91417846129949,1.7,5.537141233601477,4.12375,5.510506333676874
185433,2026-09-22,4,25.116666666666664,24.353639404678393,76.0,75.76380877106493,1.7,5.544807403156118,4.12375,5.448826311514629
185434,2026-09-22,4,25.116666666666664,24.57625286654879,76.0,76.76844258206503,1.7,6.2036400408348165,4.12375,5.679123933396258
185435,2026-09-22,4,25.116666666666664,24.70562911033626,76.0,76.19639940219669,1.7,6.4178108788552235,4.12375,5.700562050619666
185436,2026-09-22,4,25.116666666666664,24.703921269024093,76.0,74.07058151334797,1.7,6.126847336189732,4.12375,5.620567911156484
185438,2026-09-22,4,25.116666666666664,24.206374963976003,76.0,75.05731999530768,1.7,5.430546230391874,4.12375,5.6280694626613155
185439,2026-09-22,4,25.116666666666664,24.56253772513914,76.0,76.27638126186551,1.7,6.0992418437816776,4.12375,5.639716064088101
185440,2026-09-22,4,25.116666666666664,24.413030773330924,76.0,75.77098448920799,1.7,6.02990459297735,4.12375,5.547452190293093
185441,2026-09-22,4,25.116666666666664,24.154756606047883,76.0,76.77141616039603,1.7,5.718873356731376,4.12375,5.543335832339501
185442,2026-09-22,4,25.116666666666664,24.313624237866065,76.0,75.30776715198017,1.7,5.578886754842371,4.12375,5.673096714641641
185443,2026-09-22,4,25.116666666666664,24.666934470798914,76.0,76.5039099813151,1.7,6.584771670599015,4.12375,5.717040897433128
185444,2026-09-22,4,25.116666666666664,24.62374542449306,76.0,76.38220439552109,1.7,6.452582912682387,4.12375,5.701475905009513
185445,2026-09-22,4,25.116666666666664,24.199046783854264,76.0,77.02308359391003,1.7,5.526505366916516,4.12375,5.412276086506479
185446,2026-09-22,4,25.116666666666664,24.691818804172463,76.0,75.46308623047612,1.7,6.736210392500959,4.12375,5.645846315429098
185447,2026-09-22,4,25.116666666666664,24.383294464796755,76.0,75.56399684078197,1.7,6.483862982703282,4.12375,5.578154332000454
185448,2026-09-22,4,25.116666666666664,24.42393277176704,76.0,75.45274328805752,1.7,6.247151477611881,4.12375,5.656479094854171
185449,2026-09-22,4,25.116666666666664,23.991642647130227,76.0,76.41430251030046,1.7,5.437789070486611,4.12375,5.6220743881096285
185451,2026-09-22,4,25.116666666666664,24.0787701942827,76.0,77.52420539728857,1.7,5.839870390624653,4.12375,5.6269602615621
185452,2026-09-22,4,25.116666666666664,24.40210173984651,76.0,76.2843470824615,1.7,6.117599451671237,4.12375,5.508026892995871
185453,2026-09-22,4,25.116666666666664,24.1518499879347,76.0,75.6631751298612,1.7,6.010982711781274,4.12375,5.455433701543689
185454,2026-09-22,4,25.116666666666664,24.515198307209193,76.0,76.15586786865619,1.7,6.6038023156327155,4.12375,5.6987937804245075
185455,2026-09-22,4,25.116666666666664,23.810583863418053,76.0,76.64594381227475,1.7,5.837902712641857,4.12375,5.809732274522109
185456,2026-09-22,4,25.116666666666664,24.355610418822888,76.0,76.16086117820605,1.7,5.640254599548818,4.12375,5.5449827837673125
185457,2026-09-22,4,25.116666666666664,24.50164524177456,76.0,76.6014369826644,1.7,6.189373963110706,4.12375,5.6961640335562205
185458,2026-09-22,4,25.116666666666664,24.180454193610565,76.0,76.81884838161606,1.7,5.866531480591093,4.12375,5.691202896765743
185459,2026-09-22,4,25.116666666666664,24.56291059814929,76.0,75.97319333609852,1.7,6.269043622321433,4.12375,5.733387671699014
185460,2026-09-22,4,25.116666666666664,24.74813385939615,76.0,76.07301603195812,1.7,6.386378987137083,4.12375,5.704172712067393
186184,2026-09-22,4,25.116666666666664,22.666632119619045,76.0,79.79517963325586,1.7,6.411841813500077,4.12375,4.679321051132069
259675,2026-09-22,4,25.116666666666664,24.407061142471747,76.0,76.02317585772148,1.7,6.280586529257308,4.12375,5.740861121837149
259676,2026-09-22,4,25.116666666666664,24.578550139067247,76.0,75.54280622421811,1.7,6.023692072671596,4.12375,5.77484159448005
259677,2026-09-22,4,25.116666666666664,24.182358842558358,76.0,76.60876404179427,1.7,5.631478619838767,4.12375,5.740786847452779
259678,2026-09-22,4,25.116666666666664,24.62729825382743,76.0,76.76952603538855,1.7,6.324093981335463,4.12375,5.592763478594407
261742,2026-09-22,4,25.116666666666664,24.086489095197535,76.0,77.00598626405,1.7,5.613072859571084,4.12375,5.404063331021979
272754,2026-09-22,4,25.116666666666664,24.30324308461206,76.0,76.05622091333957,1.7,6.097343543679243,4.12375,5.534266476002222
185365,2026-09-23,5,24.65833333333333,23.28884584346628,77.95833333333333,77.34715031944204,6.1,10.330533945357484,4.97875,6.290079401830465
185366,2026-09-23,5,24.65833333333333,23.29334347760887,77.95833333333333,76.71851220105678,6.1,10.36037059812081,4.97875,6.185172396806225
185367,2026-09-23,5,24.65833333333333,23.81189598731378,77.95833333333333,77.38645344417061,6.1,10.135898492784076,4.97875,5.8262885665463005
185368,2026-09-23,5,24.65833333333333,23.445629864001763,77.95833333333333,76.35722258814323,6.1,9.946632166326655,4.97875,6.031482776767679
185369,2026-09-23,5,24.65833333333333,23.839590090478318,77.95833333333333,77.2577433698128,6.1,10.648511968291825,4.97875,5.858587486060673
185370,2026-09-23,5,24.65833333333333,23.238309120475066,77.95833333333333,76.71314902471127,6.1,10.0473305911784,4.97875,6.1437519993144445
185371,2026-09-23,5,24.65833333333333,23.31284073441902,77.95833333333333,75.94810358682494,6.1,10.212025653045703,4.97875,6.2276902096687055
185372,2026-09-23,5,24.65833333333333,23.564935043685065,77.95833333333333,76.08044802425468,6.1,10.049409731129224,4.97875,6.209472914016531
185373,2026-09-23,5,24.65833333333333,23.671191664079622,77.95833333333333,75.21577911707693,6.1,9.732871175983146,4.97875,6.193373249385264
185374,2026-09-23,5,24.65833333333333,23.418870027992917,77.95833333333333,78.18865365707028,6.1,10.463253174324782,4.97875,6.048064706893852
185375,2026-09-23,5,24.65833333333333,23.52731833267803,77.95833333333333,77.0449950208639,6.1,10.166848732226555,4.97875,5.930526881310369
185376,2026-09-23,5,24.65833333333333,23.688241042284258,77.95833333333333,77.04573655214897,6.1,10.385067771118074,4.97875,6.162086121955372
185377,2026-09-23,5,24.65833333333333,24.189898128527673,77.95833333333333,75.50790243759536,6.1,11.360099358859308,4.97875,6.123641979569499
185378,2026-09-23,5,24.65833333333333,24.022847641043768,77.95833333333333,75.96578349280628,6.1,10.384594762550767,4.97875,6.07127603572457
185379,2026-09-23,5,24.65833333333333,24.238619646015547,77.95833333333333,76.12122499775752,6.1,10.724469416860604,4.97875,6.226497463222447
185380,2026-09-23,5,24.65833333333333,23.70127396699544,77.95833333333333,77.85161156647125,6.1,9.637143218019734,4.97875,5.992714977497119
185381,2026-09-23,5,24.65833333333333,23.811241975125846,77.95833333333333,75.0246053952843,6.1,9.8876561832091,4.97875,6.116205139682626
185382,2026-09-23,5,24.65833333333333,24.1696079251564,77.95833333333333,76.24285661648473,6.1,11.018687787493022,4.97875,6.208243253070777
185383,2026-09-23,5,24.65833333333333,23.827676779999464,77.95833333333333,75.20851810550633,6.1,10.061875459181158,4.97875,5.967111671651499
185384,2026-09-23,5,24.65833333333333,24.24104418911737,77.95833333333333,76.04897175441096,6.1,10.641616517704053,4.97875,6.163803583311007
185385,2026-09-23,5,24.65833333333333,24.019148436025546,77.95833333333333,75.25548161831442,6.1,10.591725405903244,4.97875,6.220943146354787
185386,2026-09-23,5,24.65833333333333,23.809137155902693,77.95833333333333,75.40653775094636,6.1,10.63112391675663,4.97875,6.056181805527085
185387,2026-09-23,5,24.65833333333333,23.712091605832914,77.95833333333333,77.22682240229985,6.1,10.001575378704084,4.97875,6.058016835557404
185388,2026-09-23,5,24.65833333333333,23.71287159209335,77.95833333333333,75.99222668288193,6.1,10.06162435624843,4.97875,5.793461014986498
185390,2026-09-23,5,24.65833333333333,23.73548013372539,77.95833333333333,75.7220727865299,6.1,10.363393494528664,4.97875,6.014639385781306
185391,2026-09-23,5,24.65833333333333,23.33081708262766,77.95833333333333,77.20017282880471,6.1,10.347054591745186,4.97875,6.190308009127561
185392,2026-09-23,5,24.65833333333333,24.101059135397275,77.95833333333333,77.8500882607001,6.1,10.744650578866139,4.97875,6.158485061680346
185393,2026-09-23,5,24.65833333333333,23.813944926670995,77.95833333333333,74.46424829087232,6.1,10.479698180412118,4.97875,5.900072996984729
185394,2026-09-23,5,24.65833333333333,23.906010501839432,77.95833333333333,75.33332873517956,6.1,10.009564632542912,4.97875,6.24094378396499
185395,2026-09-23,5,24.65833333333333,23.949219786464205,77.95833333333333,75.5816251518696,6.1,10.22864139525459,4.97875,6.294270767927292
185396,2026-09-23,5,24.65833333333333,23.852853172010203,77.95833333333333,77.13882708795282,6.1,10.547506001681455,4.97875,5.948001240927685
185397,2026-09-23,5,24.65833333333333,24.159642990032346,77.95833333333333,75.11424105467391,6.1,10.763435794530135,4.97875,6.017984602482073
185398,2026-09-23,5,24.65833333333333,23.497522125188222,77.95833333333333,76.63375416896585,6.1,9.73980528376837,4.97875,6.03983950345956
185399,2026-09-23,5,24.65833333333333,24.11910283815141,77.95833333333333,76.52105817355627,6.1,10.943853720871854,4.97875,6.199861648111804
185400,2026-09-23,5,24.65833333333333,23.98149146894833,77.95833333333333,77.25893960844556,6.1,10.324611780259888,4.97875,6.159067969318049
185401,2026-09-23,5,24.65833333333333,23.582733764049777,77.95833333333333,75.94746194640362,6.1,9.8564256135117,4.97875,6.0199355674127695
185402,2026-09-23,5,24.65833333333333,23.590841095721785,77.95833333333333,75.83683428099769,6.1,10.434360991809028,4.97875,6.02444620277681
185403,2026-09-23,5,24.65833333333333,23.91111904516234,77.95833333333333,75.54196603398148,6.1,9.467063133222092,4.97875,6.065626507061363
185404,2026-09-23,5,24.65833333333333,23.49887679646572,77.95833333333333,78.08132708352997,6.1,10.116292144749222,4.97875,6.0992677075326815
185405,2026-09-23,5,24.65833333333333,24.02275104736609,77.95833333333333,76.24971846267442,6.1,10.54824820692646,4.97875,6.127322149054507
185406,2026-09-23,5,24.65833333333333,24.019218574078867,77.95833333333333,76.1896142774683,6.1,10.696032703466594,4.97875,6.063127297213869
185407,2026-09-23,5,24.65833333333333,24.069309777426792,77.95833333333333,76.29463401677032,6.1,10.548891488115377,4.97875,6.200571238554469
185408,2026-09-23,5,24.65833333333333,23.29917798463978,77.95833333333333,76.44025189104681,6.1,10.566370463723327,4.97875,6.176764469508603
185409,2026-09-23,5,24.65833333333333,24.101108986684395,77.95833333333333,76.49924470368389,6.1,10.439780096486345,4.97875,6.174617174273735
185410,2026-09-23,5,24.65833333333333,23.490190081930592,77.95833333333333,77.28441203828707,6.1,9.813910580052266,4.97875,6.050703943273834
185411,2026-09-23,5,24.65833333333333,23.62925932204156,77.95833333333333,74.45759535566705,6.1,10.047963817718182,4.97875,6.128736211952907
185412,2026-09-23,5,24.65833333333333,24.149421842190648,77.95833333333333,75.88940367784085,6.1,10.931107649092684,4.97875,6.1494837698275635
185413,2026-09-23,5,24.65833333333333,24.11839212784826,77.95833333333333,76.19237740142792,6.1,10.673673764507694,4.97875,6.0999614525812875
185414,2026-09-23,5,24.65833333333333,23.885538004121983,77.95833333333333,76.67581162377222,6.1,11.151438101828099,4.97875,6.033539303050281
185415,2026-09-23,5,24.65833333333333,24.086652356809896,77.95833333333333,76.94213843162119,6.1,10.95508391429869,4.97875,6.127568584274435
185417,2026-09-23,5,24.65833333333333,24.043782732097004,77.95833333333333,76.72669087598418,6.1,10.65400988580355,4.97875,6.081624099209907
185418,2026-09-23,5,24.65833333333333,23.51245326079473,77.95833333333333,77.07124202413476,6.1,10.00486101028509,4.97875,6.091670365164023
185419,2026-09-23,5,24.65833333333333,23.839163610143757,77.95833333333333,76.16684334149437,6.1,10.842476590596938,4.97875,5.862475316546418
185420,2026-09-23,5,24.65833333333333,24.13281428608613,77.95833333333333,76.66708339083063,6.1,10.67161034164986,4.97875,6.101495862879176
185421,2026-09-23,5,24.65833333333333,23.54866796849299,77.95833333333333,76.2643133117024,6.1,10.326452702909688,4.97875,6.196123841927417
185422,2026-09-23,5,24.65833333333333,23.265228974195313,77.95833333333333,77.37195485830226,6.1,10.539989955253551,4.97875,6.138891690174732
185423,2026-09-23,5,24.65833333333333,23.656290034251903,77.95833333333333,75.36808447088535,6.1,10.17607646100937,4.97875,6.067209102714523
185424,2026-09-23,5,24.65833333333333,23.40758315670763,77.95833333333333,76.4036204354782,6.1,10.11375814387058,4.97875,6.1185829303058075
185425,2026-09-23,5,24.65833333333333,23.960164419743045,77.95833333333333,76.31284322702408,6.1,10.612732849406463,4.97875,6.229491452559718
185426,2026-09-23,5,24.65833333333333,23.51743582577744,77.95833333333333,78.11356817481625,6.1,10.041833655315495,4.97875,6.118440121191597
185427,2026-09-23,5,24.65833333333333,24.090315867234875,77.95833333333333,76.42977388618229,6.1,10.041770522841148,4.97875,6.010296502196267
185428,2026-09-23,5,24.65833333333333,23.781769578998514,77.95833333333333,76.80206910296002,6.1,10.636399738116193,4.97875,6.05830432445736
185429,2026-09-23,5,24.65833333333333,24.16655200325813,77.95833333333333,75.10357203286743,6.1,10.675304842418333,4.97875,6.134128561982221
185430,2026-09-23,5,24.65833333333333,23.605829991706877,77.95833333333333,77.22967099362673,6.1,9.46239064490917,4.97875,6.195747501067129
185431,2026-09-23,5,24.65833333333333,24.04641549746484,77.95833333333333,75.80700403685323,6.1,10.515810526763254,4.97875,6.1046748138910445
185432,2026-09-23,5,24.65833333333333,23.4393078829856,77.95833333333333,77.13465180074544,6.1,9.937141233601475,4.97875,5.979596197295639
185433,2026-09-23,5,24.65833333333333,23.759102679019975,77.95833333333333,76.01974517816244,6.1,9.944807403156119,4.97875,5.91418276910524
185434,2026-09-23,5,24.65833333333333,24.037247742074978,77.95833333333333,76.92366924466417,6.1,10.603640040834815,4.97875,6.13464484609467
185435,2026-09-23,5,24.65833333333333,24.111071261369165,77.95833333333333,76.19935955183105,6.1,10.817810878855223,4.97875,6.1958340601841755
185436,2026-09-23,5,24.65833333333333,24.167510404428228,77.95833333333333,74.23145706999222,6.1,10.526847336189732,4.97875,6.0384865553363785
185438,2026-09-23,5,24.65833333333333,23.64568030935967,77.95833333333333,75.57183578556918,6.1,9.830546230391874,4.97875,6.109415508054154
185439,2026-09-23,5,24.65833333333333,24.024043118487175,77.95833333333333,76.27395710865166,6.1,10.499241843781679,4.97875,6.096718492163497
185440,2026-09-23,5,24.65833333333333,23.842685857645485,77.95833333333333,75.57456324875784,6.1,10.429904592977351,4.97875,6.000591397188728
185441,2026-09-23,5,24.65833333333333,23.598551939356298,77.95833333333333,76.99941601448607,6.1,10.118873356731376,4.97875,6.054621319357807
185442,2026-09-23,5,24.65833333333333,23.764437790668573,77.95833333333333,75.84376453701786,6.1,9.97888675484237,4.97875,6.154408510011216
185443,2026-09-23,5,24.65833333333333,24.157329740765068,77.95833333333333,76.86490359313498,6.1,10.984771670599017,4.97875,6.2028840314165175
185444,2026-09-23,5,24.65833333333333,24.031641631617344,77.95833333333333,76.38774399762168,6.1,10.852582912682387,4.97875,6.183030939731734
185445,2026-09-23,5,24.65833333333333,23.630963722907428,77.95833333333333,77.10416588995957,6.1,9.926505366916516,4.97875,5.871659654214811
185446,2026-09-23,5,24.65833333333333,24.163784477279993,77.95833333333333,75.4362414341761,6.1,11.136210392500958,4.97875,6.132603882167913
185447,2026-09-23,5,24.65833333333333,23.72631884309678,77.95833333333333,75.07694382689002,6.1,10.88386298270328,4.97875,6.034222678980271
185448,2026-09-23,5,24.65833333333333,23.90458990528024,77.95833333333333,75.39053060849655,6.1,10.64715147761188,4.97875,6.120319083118186
185449,2026-09-23,5,24.65833333333333,23.476714352934934,77.95833333333333,77.15921758393942,6.1,9.837789070486613,4.97875,6.091191199550305
185451,2026-09-23,5,24.65833333333333,23.52323017262813,77.95833333333333,77.67402767440109,6.1,10.239870390624652,4.97875,6.115741940307462
185452,2026-09-23,5,24.65833333333333,23.86066381010396,77.95833333333333,76.69825602001048,6.1,10.517599451671236,4.97875,6.037683573165625
185453,2026-09-23,5,24.65833333333333,23.601098861696958,77.95833333333333,76.15428705476285,6.1,10.410982711781273,4.97875,5.932743889761652
185454,2026-09-23,5,24.65833333333333,23.921219245816314,77.95833333333333,75.9535701802335,6.1,11.003802315632715,4.97875,6.124499820688255
185455,2026-09-23,5,24.65833333333333,23.33953339044528,77.95833333333333,77.73533041203633,6.1,10.237902712641855,4.97875,6.318238580387339
185456,2026-09-23,5,24.65833333333333,23.82054043922999,77.95833333333333,75.99389490791265,6.1,10.040254599548819,4.97875,5.9428519044219845
185457,2026-09-23,5,24.65833333333333,23.92230104444301,77.95833333333333,76.06779498986882,6.1,10.589373963110704,4.97875,6.1513776668819595
185458,2026-09-23,5,24.65833333333333,23.687241876986935,77.95833333333333,75.99912667627841,6.1,10.266531480591093,4.97875,6.132252047025205
185459,2026-09-23,5,24.65833333333333,24.025725574271593,77.95833333333333,75.77553465190303,6.1,10.669043622321432,4.97875,6.220191287464193
185460,2026-09-23,5,24.65833333333333,24.169644977079354,77.95833333333333,75.77606504192313,6.1,10.78637898713708,4.97875,6.173014754686641
186184,2026-09-23,5,24.65833333333333,22.157998852527783,77.95833333333333,81.80649134521138,6.1,10.811841813500077,4.97875,5.249483178103959
259675,2026-09-23,5,24.65833333333333,23.85218017839309,77.95833333333333,75.91559500991815,6.1,10.680586529257308,4.97875,6.197422311206029
259676,2026-09-23,5,24.65833333333333,23.978817338329005,77.95833333333333,74.93016358010495,6.1,10.423692072671596,4.97875,6.236349631123591
259677,2026-09-23,5,24.65833333333333,23.611321046483194,77.95833333333333,76.29150475331076,6.1,10.031478619838767,4.97875,6.1692571733074795
259678,2026-09-23,5,24.65833333333333,24.076576751460564,77.95833333333333,76.53294513146832,6.1,10.72409398133546,4.97875,6.034250115198543
261742,2026-09-23,5,24.65833333333333,23.551247818932634,77.95833333333333,77.31292001296522,6.1,10.013072859571084,4.97875,5.91321871187678
272754,2026-09-23,5,24.65833333333333,23.751005350619405,77.95833333333333,76.03778322667573,6.1,10.497343543679243,4.97875,6.066654459401182
185365,2026-09-24,6,26.85,25.332717076275806,66.95833333333333,67.23376177964286,5.4,9.630533945357485,5.276666666666666,6.5325002818219975
185366,2026-09-24,6,26.85,25.30232780193004,66.95833333333333,66.94807780015516,5.4,9.66037059812081,5.276666666666666,6.383742670516265
185367,2026-09-24,6,26.85,25.72603257084603,66.95833333333333,67.80406584927758,5.4,9.435898492784078,5.276666666666666,6.081474488356952
185368,2026-09-24,6,26.85,25.433855819680097,66.95833333333333,66.72032695672786,5.4,9.246632166326656,5.276666666666666,6.282385225360752
185369,2026-09-24,6,26.85,25.723479866622093,66.95833333333333,67.77601272213923,5.4,9.948511968291825,5.276666666666666,6.149618332707764
185370,2026-09-24,6,26.85,25.296340934047684,66.95833333333333,67.08273754590911,5.4,9.3473305911784,5.276666666666666,6.380348229667697
185371,2026-09-24,6,26.85,25.34945420429514,66.95833333333333,66.46910507040255,5.4,9.512025653045704,5.276666666666666,6.410350066952144
185372,2026-09-24,6,26.85,25.54027694668047,66.95833333333333,66.04463668698479,5.4,9.349409731129224,5.276666666666666,6.4366551466069355
185373,2026-09-24,6,26.85,25.681390967989625,66.95833333333333,65.48389067641733,5.4,9.032871175983145,5.276666666666666,6.443256467922678
185374,2026-09-24,6,26.85,25.321890260265743,66.95833333333333,68.38672869795548,5.4,9.763253174324783,5.276666666666666,6.331191300043392
185375,2026-09-24,6,26.85,25.455568878959642,66.95833333333333,67.39006547153132,5.4,9.466848732226556,5.276666666666666,6.190057095132719
185376,2026-09-24,6,26.85,25.552604812814995,66.95833333333333,67.25180117513877,5.4,9.685067771118076,5.276666666666666,6.415984304825743
185377,2026-09-24,6,26.85,26.232471915267606,66.95833333333333,66.02364877480629,5.4,10.660099358859306,5.276666666666666,6.409332095591599
185378,2026-09-24,6,26.85,26.037677718947883,66.95833333333333,66.39687491680051,5.4,9.684594762550768,5.276666666666666,6.296423002256505
185379,2026-09-24,6,26.85,26.2532075461551,66.95833333333333,66.79510359669808,5.4,10.024469416860601,5.276666666666666,6.464121527375886
185380,2026-09-24,6,26.85,25.685631392978298,66.95833333333333,67.99786157535875,5.4,8.937143218019735,5.276666666666666,6.225895550355555
185381,2026-09-24,6,26.85,25.683039056152257,66.95833333333333,65.2651876293265,5.4,9.1876561832091,5.276666666666666,6.312631855285005
185382,2026-09-24,6,26.85,26.19309393403266,66.95833333333333,66.69234768672972,5.4,10.318687787493023,5.276666666666666,6.469991517261598
185383,2026-09-24,6,26.85,25.698252444632274,66.95833333333333,65.70517475912256,5.4,9.36187545918116,5.276666666666666,6.185231872048325
185384,2026-09-24,6,26.85,26.24414872564398,66.95833333333333,66.64283802452687,5.4,9.941616517704055,5.276666666666666,6.3843567588160575
185385,2026-09-24,6,26.85,25.967020526469415,66.95833333333333,65.81129410284656,5.4,9.891725405903244,5.276666666666666,6.438170215069876
185386,2026-09-24,6,26.85,25.639877275402192,66.95833333333333,66.18853505308287,5.4,9.93112391675663,5.276666666666666,6.303784538158256
185387,2026-09-24,6,26.85,25.601924454877032,66.95833333333333,67.47241469101004,5.4,9.301575378704085,5.276666666666666,6.344665673416928
185388,2026-09-24,6,26.85,25.601618150391133,66.95833333333333,66.48356806152393,5.4,9.36162435624843,5.276666666666666,6.066798758042054
185390,2026-09-24,6,26.85,25.569599343985285,66.95833333333333,66.09434130739889,5.4,9.663393494528663,5.276666666666666,6.254980925133159
185391,2026-09-24,6,26.85,25.311250645158886,66.95833333333333,67.37912042429157,5.4,9.647054591745185,5.276666666666666,6.436450877597716
185392,2026-09-24,6,26.85,25.99991192698257,66.95833333333333,68.10326039841809,5.4,10.04465057886614,5.276666666666666,6.359965881568062
185393,2026-09-24,6,26.85,25.828473604856114,66.95833333333333,64.90777845917046,5.4,9.779698180412119,5.276666666666666,6.126682118610343
185394,2026-09-24,6,26.85,25.86226445431997,66.95833333333333,65.21624859199315,5.4,9.309564632542912,5.276666666666666,6.47212563725364
185395,2026-09-24,6,26.85,25.93701687059003,66.95833333333333,65.68678321763457,5.4,9.52864139525459,5.276666666666666,6.543390031709193
185396,2026-09-24,6,26.85,25.719431621273777,66.95833333333333,67.0671159666161,5.4,9.847506001681456,5.276666666666666,6.202101951128431
185397,2026-09-24,6,26.85,26.210946324359192,66.95833333333333,65.84694620919169,5.4,10.063435794530134,5.276666666666666,6.272303098575405
185398,2026-09-24,6,26.85,25.45517722833857,66.95833333333333,67.27178510232598,5.4,9.039805283768368,5.276666666666666,6.239347961792893
185399,2026-09-24,6,26.85,26.07482479699856,66.95833333333333,66.88712032949722,5.4,10.243853720871854,5.276666666666666,6.434049683164713
185400,2026-09-24,6,26.85,25.986730471028878,66.95833333333333,67.13579724942443,5.4,9.624611780259887,5.276666666666666,6.383494734511724
185401,2026-09-24,6,26.85,25.485864905365165,66.95833333333333,66.55842330979513,5.4,9.1564256135117,5.276666666666666,6.25197346301202
185402,2026-09-24,6,26.85,25.457110537371396,66.95833333333333,66.16254505327437,5.4,9.734360991809027,5.276666666666666,6.280672774746508
185403,2026-09-24,6,26.85,25.77202235506599,66.95833333333333,66.03475716258943,5.4,8.767063133222095,5.276666666666666,6.291152354061585
185404,2026-09-24,6,26.85,25.420110420828514,66.95833333333333,68.14093848871659,5.4,9.416292144749221,5.276666666666666,6.354623234120343
185405,2026-09-24,6,26.85,25.966565994098733,66.95833333333333,66.36009704474947,5.4,9.84824820692646,5.276666666666666,6.344867069689428
185406,2026-09-24,6,26.85,25.980198370989413,66.95833333333333,66.43731189439386,5.4,9.996032703466595,5.276666666666666,6.292145411132309
185407,2026-09-24,6,26.85,26.111273961468566,66.95833333333333,66.50844027268441,5.4,9.848891488115378,5.276666666666666,6.427706260792767
185408,2026-09-24,6,26.85,25.30156994660788,66.95833333333333,67.01882393398216,5.4,9.866370463723328,5.276666666666666,6.413777181274904
185409,2026-09-24,6,26.85,26.057673140928888,66.95833333333333,66.82531404438933,5.4,9.739780096486346,5.276666666666666,6.4104652943134175
185410,2026-09-24,6,26.85,25.455435809975828,66.95833333333333,67.27676544733396,5.4,9.113910580052266,5.276666666666666,6.3120243563191245
185411,2026-09-24,6,26.85,25.529943514131418,66.95833333333333,64.66344976473837,5.4,9.347963817718183,5.276666666666666,6.407073929304998
185412,2026-09-24,6,26.85,26.113056641027477,66.95833333333333,66.641870338495,5.4,10.231107649092689,5.276666666666666,6.382500439464886
185413,2026-09-24,6,26.85,26.13806227046878,66.95833333333333,66.40306261262178,5.4,9.973673764507694,5.276666666666666,6.34213164221804
185414,2026-09-24,6,26.85,25.81924399739925,66.95833333333333,67.20494394977955,5.4,10.4514381018281,5.276666666666666,6.297911696549509
185415,2026-09-24,6,26.85,26.059934743271892,66.95833333333333,67.09976526137918,5.4,10.255083914298691,5.276666666666666,6.39602034572826
185417,2026-09-24,6,26.85,26.039298222117495,66.95833333333333,66.75317293185043,5.4,9.954009885803552,5.276666666666666,6.311146520011826
185418,2026-09-24,6,26.85,25.453787830962625,66.95833333333333,67.41325891927666,5.4,9.30486101028509,5.276666666666666,6.314329051130834
185419,2026-09-24,6,26.85,25.816506676503014,66.95833333333333,66.99894649453094,5.4,10.142476590596939,5.276666666666666,6.131221815283364
185420,2026-09-24,6,26.85,26.15632489299894,66.95833333333333,67.05531485932839,5.4,9.97161034164986,5.276666666666666,6.385449762950021
185421,2026-09-24,6,26.85,25.47803862871231,66.95833333333333,66.56645614015927,5.4,9.626452702909688,5.276666666666666,6.475993512358458
185422,2026-09-24,6,26.85,25.28168349247147,66.95833333333333,67.72279552270109,5.4,9.839989955253554,5.276666666666666,6.4153921681573225
185423,2026-09-24,6,26.85,25.54114099737779,66.95833333333333,65.44344796977236,5.4,9.47607646100937,5.276666666666666,6.298381117999866
185424,2026-09-24,6,26.85,25.294487880719544,66.95833333333333,66.54417669448088,5.4,9.41375814387058,5.276666666666666,6.340708872697846
185425,2026-09-24,6,26.85,25.908296017509304,66.95833333333333,66.73380963013312,5.4,9.912732849406463,5.276666666666666,6.451997664573305
185426,2026-09-24,6,26.85,25.394129964348952,66.95833333333333,68.33478817845166,5.4,9.341833655315497,5.276666666666666,6.377096715825827
185427,2026-09-24,6,26.85,26.099057560974597,66.95833333333333,66.52511456201772,5.4,9.341770522841149,5.276666666666666,6.257512443766122
185428,2026-09-24,6,26.85,25.833884899296994,66.95833333333333,66.966462864827,5.4,9.936399738116192,5.276666666666666,6.29062308964093
185429,2026-09-24,6,26.85,26.162757500199987,66.95833333333333,65.54195567151962,5.4,9.975304842418332,5.276666666666666,6.3951942138130295
185430,2026-09-24,6,26.85,25.519972396149583,66.95833333333333,67.44592474033038,5.4,8.762390644909171,5.276666666666666,6.3990269488184515
185431,2026-09-24,6,26.85,26.018153353683687,66.95833333333333,65.92311730272567,5.4,9.815810526763254,5.276666666666666,6.300873514039238
185432,2026-09-24,6,26.85,25.426976170810445,66.95833333333333,67.31728636830334,5.4,9.237141233601475,5.276666666666666,6.223256120955144
185433,2026-09-24,6,26.85,25.697025052026728,66.95833333333333,66.47377451387403,5.4,9.244807403156118,5.276666666666666,6.1579203932458055
185434,2026-09-24,6,26.85,25.98668443100263,66.95833333333333,67.54727122000568,5.4,9.903640040834816,5.276666666666666,6.326159687364511
185435,2026-09-24,6,26.85,26.0656273056713,66.95833333333333,66.96260161329126,5.4,10.117810878855224,5.276666666666666,6.426274408169523
185436,2026-09-24,6,26.85,26.172703114351332,66.95833333333333,64.66223666857765,5.4,9.826847336189733,5.276666666666666,6.294617678021563
185438,2026-09-24,6,26.85,25.435603430031104,66.95833333333333,65.80738295779217,5.4,9.130546230391873,5.276666666666666,6.326764278749831
185439,2026-09-24,6,26.85,25.957478545982067,66.95833333333333,66.39189152838946,5.4,9.799241843781678,5.276666666666666,6.330114223810322
185440,2026-09-24,6,26.85,25.70606778181218,66.95833333333333,65.8995205251146,5.4,9.729904592977352,5.276666666666666,6.26758091934835
185441,2026-09-24,6,26.85,25.427276308989352,66.95833333333333,67.18911690986711,5.4,9.418873356731376,5.276666666666666,6.287160156140243
185442,2026-09-24,6,26.85,25.700601916082732,66.95833333333333,66.3922911597977,5.4,9.278886754842372,5.276666666666666,6.418805962968273
185443,2026-09-24,6,26.85,26.10175884548216,66.95833333333333,67.16347303734231,5.4,10.284771670599014,5.276666666666666,6.444062427156126
185444,2026-09-24,6,26.85,25.982185483006006,66.95833333333333,66.65081429175152,5.4,10.152582912682387,5.276666666666666,6.4314366110280305
185445,2026-09-24,6,26.85,25.492505028348702,66.95833333333333,67.3481543369883,5.4,9.226505366916516,5.276666666666666,6.120042267062034
185446,2026-09-24,6,26.85,26.11883505371046,66.95833333333333,66.00794793795548,5.4,10.436210392500959,5.276666666666666,6.388730254221786
185447,2026-09-24,6,26.85,25.594867215829257,66.95833333333333,64.91724247255773,5.4,10.18386298270328,5.276666666666666,6.280761038484329
185448,2026-09-24,6,26.85,25.894426686905508,66.95833333333333,65.7279869208157,5.4,9.94715147761188,5.276666666666666,6.346232535765557
185449,2026-09-24,6,26.85,25.46907965839402,66.95833333333333,67.5257905777204,5.4,9.137789070486612,5.276666666666666,6.363225621631285
185451,2026-09-24,6,26.85,25.470414861972582,66.95833333333333,68.10762061750742,5.4,9.539870390624653,5.276666666666666,6.394602022796898
185452,2026-09-24,6,26.85,25.684537065594498,66.95833333333333,67.23124382688287,5.4,9.817599451671237,5.276666666666666,6.27460647247118
185453,2026-09-24,6,26.85,25.452719015443535,66.95833333333333,66.74092424269602,5.4,9.710982711781273,5.276666666666666,6.218124908465851
185454,2026-09-24,6,26.85,25.877512473344957,66.95833333333333,65.86645302655384,5.4,10.303802315632716,5.276666666666666,6.337352935517099
185455,2026-09-24,6,26.85,25.393801180016933,66.95833333333333,67.98637337281377,5.4,9.537902712641856,5.276666666666666,6.570421125604192
185456,2026-09-24,6,26.85,25.779091015890657,66.95833333333333,66.34333545551856,5.4,9.34025459954882,5.276666666666666,6.20957956857829
185457,2026-09-24,6,26.85,25.960834833585732,66.95833333333333,66.15100615664954,5.4,9.889373963110707,5.276666666666666,6.40663423429481
185458,2026-09-24,6,26.85,25.658953388464685,66.95833333333333,66.15789281669568,5.4,9.566531480591093,5.276666666666666,6.376020174123802
185459,2026-09-24,6,26.85,25.974104966782157,66.95833333333333,66.06324338220668,5.4,9.969043622321433,5.276666666666666,6.448744420041101
185460,2026-09-24,6,26.85,26.102394659251836,66.95833333333333,66.25368465610427,5.4,10.086378987137081,5.276666666666666,6.418052933572606
186184,2026-09-24,6,26.85,24.262505516369124,66.95833333333333,71.62680507461648,5.4,10.111841813500078,5.276666666666666,5.568343830975569
259675,2026-09-24,6,26.85,25.75904737711504,66.95833333333333,66.4163974121192,5.4,9.980586529257305,5.276666666666666,6.462288306457134
259676,2026-09-24,6,26.85,25.90586197747422,66.95833333333333,65.4054359899396,5.4,9.723692072671597,5.276666666666666,6.454009777270739
259677,2026-09-24,6,26.85,25.545928744301783,66.95833333333333,66.64671155668238,5.4,9.331478619838768,5.276666666666666,6.3826067512989315
259678,2026-09-24,6,26.85,26.04578931707167,66.95833333333333,66.69749864977094,5.4,10.024093981335465,5.276666666666666,6.279561629103796
261742,2026-09-24,6,26.85,25.52707637677464,66.95833333333333,67.82821071778777,5.4,9.313072859571085,5.276666666666666,6.138343032105062
272754,2026-09-24,6,26.85,25.57326114586973,66.95833333333333,66.21237201619924,5.4,9.797343543679244,5.276666666666666,6.319953086969355
185365,2026-09-25,7,25.77916666666667,24.474144457237564,70.83333333333333,80.59199508193173,0.0,4.230533945357485,6.1379166666666665,4.439514506223643
185366,2026-09-25,7,25.77916666666667,24.478495558738313,70.83333333333333,80.90904843427494,0.0,4.26037059812081,6.1379166666666665,4.404777618932554
185367,2026-09-25,7,25.77916666666667,25.073638936339375,70.83333333333333,80.55657340477563,0.0,4.035898492784078,6.1379166666666665,4.017040270383013
185368,2026-09-25,7,25.77916666666667,24.704447570292185,70.83333333333333,80.72629692206954,0.0,3.8466321663266547,6.1379166666666665,4.204899981854258
185369,2026-09-25,7,25.77916666666667,25.018759748514928,70.83333333333333,79.89847158905732,0.0,4.548511968291825,6.1379166666666665,4.113013477407098
185370,2026-09-25,7,25.77916666666667,24.48243081276847,70.83333333333333,80.56547401326944,0.0,3.9473305911784,6.1379166666666665,4.371569673509121
185371,2026-09-25,7,25.77916666666667,24.426038255784437,70.83333333333333,80.7184636039771,0.0,4.112025653045705,6.1379166666666665,4.42363805533889
185372,2026-09-25,7,25.77916666666667,24.727622196338896,70.83333333333333,79.89405171563877,0.0,3.9494097311292236,6.1379166666666665,4.388616767748082
185373,2026-09-25,7,25.77916666666667,24.877688555157974,70.83333333333333,79.54799501719498,0.0,3.6328711759831456,6.1379166666666665,4.317035450348981
185374,2026-09-25,7,25.77916666666667,24.623211651530564,70.83333333333333,80.90390855095492,0.0,4.363253174324782,6.1379166666666665,4.239755874709225
185375,2026-09-25,7,25.77916666666667,24.738437196160564,70.83333333333333,80.70402388241436,0.0,4.066848732226554,6.1379166666666665,4.135409492688046
185376,2026-09-25,7,25.77916666666667,24.842452859578373,70.83333333333333,79.73371636431408,0.0,4.285067771118076,6.1379166666666665,4.248091966862779
185377,2026-09-25,7,25.77916666666667,25.414846279230325,70.83333333333333,80.88828862083489,0.0,5.260099358859306,6.1379166666666665,4.2816234771518555
185378,2026-09-25,7,25.77916666666667,25.358750811035954,70.83333333333333,80.7642252981756,0.0,4.284594762550768,6.1379166666666665,4.231987291357525
185379,2026-09-25,7,25.77916666666667,25.43512174874065,70.83333333333333,81.02308981184375,0.0,4.624469416860603,6.1379166666666665,4.313380908989643
185380,2026-09-25,7,25.77916666666667,24.8525810591191,70.83333333333333,81.58289770151346,0.0,3.5371432180197346,6.1379166666666665,4.199831672618463
185381,2026-09-25,7,25.77916666666667,24.943778995705205,70.83333333333333,79.70794533009607,0.0,3.787656183209101,6.1379166666666665,4.24302419468628
185382,2026-09-25,7,25.77916666666667,25.33718758643727,70.83333333333333,80.75004092464481,0.0,4.918687787493024,6.1379166666666665,4.395740336806686
185383,2026-09-25,7,25.77916666666667,24.869481733034323,70.83333333333333,79.73814526704035,0.0,3.961875459181159,6.1379166666666665,4.160109558556261
185384,2026-09-25,7,25.77916666666667,25.42392373879023,70.83333333333333,81.30037401534219,0.0,4.541616517704056,6.1379166666666665,4.23143626323525
185385,2026-09-25,7,25.77916666666667,25.13176495788916,70.83333333333333,80.25037073782408,0.0,4.491725405903244,6.1379166666666665,4.37585557356654
185386,2026-09-25,7,25.77916666666667,24.92306343451368,70.83333333333333,79.70587948269976,0.0,4.531123916756631,6.1379166666666665,4.340148374181778
185387,2026-09-25,7,25.77916666666667,24.967603381457806,70.83333333333333,80.27035345008025,0.0,3.901575378704084,6.1379166666666665,4.2300913168180365
185388,2026-09-25,7,25.77916666666667,24.88298132996606,70.83333333333333,80.15067227229152,0.0,3.9616243562484295,6.1379166666666665,4.059234271434911
185390,2026-09-25,7,25.77916666666667,24.856070890070068,70.83333333333333,80.06273181126396,0.0,4.263393494528662,6.1379166666666665,4.207702761849683
185391,2026-09-25,7,25.77916666666667,24.630288081399517,70.83333333333333,80.70706109927228,0.0,4.247054591745184,6.1379166666666665,4.401211818835156
185392,2026-09-25,7,25.77916666666667,25.29535246395272,70.83333333333333,80.95172531336983,0.0,4.644650578866139,6.1379166666666665,4.249339382343217
185393,2026-09-25,7,25.77916666666667,25.041311191894884,70.83333333333333,80.2659654610647,0.0,4.3796981804121184,6.1379166666666665,4.158626534134983
185394,2026-09-25,7,25.77916666666667,25.070166759526472,70.83333333333333,79.92949262175085,0.0,3.909564632542912,6.1379166666666665,4.336958950171569
185395,2026-09-25,7,25.77916666666667,25.195691398285238,70.83333333333333,79.71828960122355,0.0,4.128641395254589,6.1379166666666665,4.448584642664687
185396,2026-09-25,7,25.77916666666667,25.158175491353813,70.83333333333333,80.52407237495635,0.0,4.4475060016814565,6.1379166666666665,4.219472032925038
185397,2026-09-25,7,25.77916666666667,25.36359101044492,70.83333333333333,80.56960493246144,0.0,4.663435794530134,6.1379166666666665,4.176542026417179
185398,2026-09-25,7,25.77916666666667,24.60032624111312,70.83333333333333,80.75488305856126,0.0,3.6398052837683688,6.1379166666666665,4.190865100681782
185399,2026-09-25,7,25.77916666666667,25.25617539587305,70.83333333333333,80.52691013678978,0.0,4.843853720871855,6.1379166666666665,4.338246286746318
185400,2026-09-25,7,25.77916666666667,25.195717862344626,70.83333333333333,81.22348546683604,0.0,4.224611780259886,6.1379166666666665,4.2914533546005025
185401,2026-09-25,7,25.77916666666667,24.812117172182443,70.83333333333333,80.29312377844413,0.0,3.7564256135117007,6.1379166666666665,4.18987739400573
185402,2026-09-25,7,25.77916666666667,24.67256268993038,70.83333333333333,80.11706945373655,0.0,4.334360991809028,6.1379166666666665,4.26462970656469
185403,2026-09-25,7,25.77916666666667,24.942568065325034,70.83333333333333,80.12316887139121,0.0,3.3670631332220933,6.1379166666666665,4.269797692820049
185404,2026-09-25,7,25.77916666666667,24.671307191057313,70.83333333333333,81.21577248734599,0.0,4.016292144749221,6.1379166666666665,4.269814964110371
185405,2026-09-25,7,25.77916666666667,25.17883137413683,70.83333333333333,80.73453297744862,0.0,4.4482482069264595,6.1379166666666665,4.272839616213784
185406,2026-09-25,7,25.77916666666667,25.278532297349916,70.83333333333333,80.39210970442696,0.0,4.596032703466594,6.1379166666666665,4.266001627887627
185407,2026-09-25,7,25.77916666666667,25.21658878353051,70.83333333333333,80.53021535764402,0.0,4.448891488115377,6.1379166666666665,4.382142464022009
185408,2026-09-25,7,25.77916666666667,24.585346936012378,70.83333333333333,80.88406926318982,0.0,4.466370463723328,6.1379166666666665,4.484627286783761
185409,2026-09-25,7,25.77916666666667,25.211430968896195,70.83333333333333,80.95357070380169,0.0,4.339780096486344,6.1379166666666665,4.218974178241988
185410,2026-09-25,7,25.77916666666667,24.78745789610396,70.83333333333333,80.37563373273261,0.0,3.713910580052266,6.1379166666666665,4.293943282079805
185411,2026-09-25,7,25.77916666666667,24.87921898231776,70.83333333333333,79.95595317411495,0.0,3.9479638177181826,6.1379166666666665,4.407261093807163
185412,2026-09-25,7,25.77916666666667,25.38287696456727,70.83333333333333,80.72139974866816,0.0,4.831107649092686,6.1379166666666665,4.305028103560311
185413,2026-09-25,7,25.77916666666667,25.246715052884007,70.83333333333333,80.85653802684494,0.0,4.573673764507692,6.1379166666666665,4.246635400230861
185414,2026-09-25,7,25.77916666666667,25.04639834036166,70.83333333333333,80.74924836064645,0.0,5.051438101828101,6.1379166666666665,4.307426757114339
185415,2026-09-25,7,25.77916666666667,25.259775302477635,70.83333333333333,80.63513694616458,0.0,4.855083914298692,6.1379166666666665,4.287418091128693
185417,2026-09-25,7,25.77916666666667,25.16319032671395,70.83333333333333,80.40135677136331,0.0,4.55400988580355,6.1379166666666665,4.216812502685758
185418,2026-09-25,7,25.77916666666667,24.73795770636576,70.83333333333333,80.66393244020018,0.0,3.9048610102850927,6.1379166666666665,4.353377449699858
185419,2026-09-25,7,25.77916666666667,24.987002331638895,70.83333333333333,80.66640457625397,0.0,4.742476590596939,6.1379166666666665,4.173259692978504
185420,2026-09-25,7,25.77916666666667,25.401195808691394,70.83333333333333,81.1241878298417,0.0,4.571610341649858,6.1379166666666665,4.289083186387745
185421,2026-09-25,7,25.77916666666667,24.650483822463393,70.83333333333333,80.08993502796501,0.0,4.226452702909686,6.1379166666666665,4.388362974599383
185422,2026-09-25,7,25.77916666666667,24.48530670410232,70.83333333333333,80.84812996787326,0.0,4.439989955253551,6.1379166666666665,4.389223930862135
185423,2026-09-25,7,25.77916666666667,24.779310602595363,70.83333333333333,78.96035298323282,0.0,4.076076461009368,6.1379166666666665,4.289295416471331
185424,2026-09-25,7,25.77916666666667,24.675416283395425,70.83333333333333,79.86097465374486,0.0,4.013758143870581,6.1379166666666665,4.255820891085161
185425,2026-09-25,7,25.77916666666667,25.125882890209876,70.83333333333333,80.83319753518472,0.0,4.512732849406463,6.1379166666666665,4.354973598507709
185426,2026-09-25,7,25.77916666666667,24.74018603748292,70.83333333333333,81.04501100159922,0.0,3.9418336553154942,6.1379166666666665,4.292642419759575
185427,2026-09-25,7,25.77916666666667,25.29245753476571,70.83333333333333,80.15855565744184,0.0,3.941770522841147,6.1379166666666665,4.100419248955294
185428,2026-09-25,7,25.77916666666667,24.881973374982476,70.83333333333333,81.21488209563525,0.0,4.536399738116192,6.1379166666666665,4.160803339564619
185429,2026-09-25,7,25.77916666666667,25.4566829403268,70.83333333333333,80.77568227948319,0.0,4.575304842418332,6.1379166666666665,4.258076985399081
185430,2026-09-25,7,25.77916666666667,24.716468899401217,70.83333333333333,80.11811814600061,0.0,3.3623906449091714,6.1379166666666665,4.423062223289351
185431,2026-09-25,7,25.77916666666667,25.28235988582932,70.83333333333333,79.66894652264392,0.0,4.415810526763254,6.1379166666666665,4.2475826595183594
185432,2026-09-25,7,25.77916666666667,24.650875449854666,70.83333333333333,80.94661985098222,0.0,3.8371412336014754,6.1379166666666665,4.166472773917696
185433,2026-09-25,7,25.77916666666667,24.987709421031564,70.83333333333333,80.66689464700856,0.0,3.8448074031561186,6.1379166666666665,4.120433242377883
185434,2026-09-25,7,25.77916666666667,25.281073711892777,70.83333333333333,80.52157715208602,0.0,4.503640040834815,6.1379166666666665,4.278745186703135
185435,2026-09-25,7,25.77916666666667,25.434724988945423,70.83333333333333,80.80437898789981,0.0,4.717810878855223,6.1379166666666665,4.323693620623735
185436,2026-09-25,7,25.77916666666667,25.40626989395614,70.83333333333333,80.37492967906194,0.0,4.426847336189731,6.1379166666666665,4.233895555005692
185438,2026-09-25,7,25.77916666666667,24.720905704925332,70.83333333333333,79.76109591607329,0.0,3.7305462303918726,6.1379166666666665,4.183593377348601
185439,2026-09-25,7,25.77916666666667,25.265816264850177,70.83333333333333,80.66975994343538,0.0,4.399241843781678,6.1379166666666665,4.235613053175402
185440,2026-09-25,7,25.77916666666667,25.024302318440032,70.83333333333333,79.52429644575015,0.0,4.329904592977352,6.1379166666666665,4.182292598487431
185441,2026-09-25,7,25.77916666666667,24.812088553384395,70.83333333333333,80.10405963319347,0.0,4.018873356731375,6.1379166666666665,4.306911078182525
185442,2026-09-25,7,25.77916666666667,24.88840937479611,70.83333333333333,80.58868031243478,0.0,3.878886754842371,6.1379166666666665,4.2066966918056625
185443,2026-09-25,7,25.77916666666667,25.29776025327286,70.83333333333333,80.509882708477,0.0,4.884771670599014,6.1379166666666665,4.342648314566646
185444,2026-09-25,7,25.77916666666667,25.27352107756102,70.83333333333333,80.92087936168923,0.0,4.752582912682385,6.1379166666666665,4.283979435102104
185445,2026-09-25,7,25.77916666666667,24.88623496978034,70.83333333333333,80.40401331370194,0.0,3.8265053669165154,6.1379166666666665,4.08389602574259
185446,2026-09-25,7,25.77916666666667,25.393729077162224,70.83333333333333,80.90066318829481,0.0,5.0362103925009585,6.1379166666666665,4.27041178861332
185447,2026-09-25,7,25.77916666666667,25.04136681146498,70.83333333333333,79.69519268275558,0.0,4.783862982703281,6.1379166666666665,4.143792764629916
185448,2026-09-25,7,25.77916666666667,25.10975347468857,70.83333333333333,80.57919367620617,0.0,4.547151477611879,6.1379166666666665,4.279817434750097
185449,2026-09-25,7,25.77916666666667,24.63785257853512,70.83333333333333,80.76928231958928,0.0,3.7377890704866097,6.1379166666666665,4.3328914008214925
185451,2026-09-25,7,25.77916666666667,24.766343892295566,70.83333333333333,80.60648305004365,0.0,4.139870390624653,6.1379166666666665,4.392692367560434
185452,2026-09-25,7,25.77916666666667,25.01751429613833,70.83333333333333,80.36825571415541,0.0,4.417599451671237,6.1379166666666665,4.210107126406365
185453,2026-09-25,7,25.77916666666667,24.76444567961466,70.83333333333333,80.05151097989598,0.0,4.310982711781274,6.1379166666666665,4.179179869906236
185454,2026-09-25,7,25.77916666666667,25.22810662261132,70.83333333333333,80.07635445151777,0.0,4.903802315632712,6.1379166666666665,4.3039604106153035
185455,2026-09-25,7,25.77916666666667,24.557624133739434,70.83333333333333,80.88048291204103,0.0,4.137902712641856,6.1379166666666665,4.3901828857301854
185456,2026-09-25,7,25.77916666666667,25.020068799761958,70.83333333333333,80.07909083213472,0.0,3.940254599548818,6.1379166666666665,4.148274902984094
185457,2026-09-25,7,25.77916666666667,25.201305054538047,70.83333333333333,80.52420616766378,0.0,4.4893739631107055,6.1379166666666665,4.328001373117244
185458,2026-09-25,7,25.77916666666667,24.830773462178147,70.83333333333333,80.05787092369214,0.0,4.166531480591092,6.1379166666666665,4.323886115153257
185459,2026-09-25,7,25.77916666666667,25.16119935571955,70.83333333333333,80.73299386408716,0.0,4.569043622321433,6.1379166666666665,4.335970577615935
185460,2026-09-25,7,25.77916666666667,25.420784171159813,70.83333333333333,81.05859806271636,0.0,4.686378987137084,6.1379166666666665,4.3460966174958156
186184,2026-09-25,7,25.77916666666667,23.28761585514304,70.83333333333333,85.02805472261834,0.0,4.711841813500078,6.1379166666666665,3.567563112587649
259675,2026-09-25,7,25.77916666666667,25.13481123701806,70.83333333333333,80.78769423736182,0.0,4.580586529257308,6.1379166666666665,4.318604546193908
259676,2026-09-25,7,25.77916666666667,25.247107811799086,70.83333333333333,80.01446268345994,0.0,4.323692072671597,6.1379166666666665,4.370383333181607
259677,2026-09-25,7,25.77916666666667,24.8515395460055,70.83333333333333,80.27805239916543,0.0,3.9314786198387663,6.1379166666666665,4.366726540294659
259678,2026-09-25,7,25.77916666666667,25.37658125841713,70.83333333333333,80.73729519592243,0.0,4.624093981335462,6.1379166666666665,4.2020779319472545
261742,2026-09-25,7,25.77916666666667,24.679645653596893,70.83333333333333,80.79818065909362,0.0,3.9130728595710846,6.1379166666666665,4.131487943022111
272754,2026-09-25,7,25.77916666666667,24.992437449832593,70.83333333333333,79.70948859327352,0.0,4.397343543679244,6.1379166666666665,4.308892121008519
